id,,,302,303,304,305,306,307,308,310,311,312,314,315,316,317,319,320,321,324,325,326,327,329,331,332,333,336,337,338,340,341,342,343,345,346,347,348,350,353,354,356,357,360,361,362,363,365,367,368,369,370,371,374,375,378,379,380,381,382,385,386,388,389,391,392,394,395,397,398,399,401,402,403,405,406,407,408,409,411,413,415,416,417,419,424,425,428,429,430,431,432,433,434,437,438,440,441,442,443,445,449,450,451,454,455
*wg1h4c,N1,0,M,S,S,S,M,S,M,M,S,S,S,S,M,M,M,S,M,M,M,M,M,M,-,M,S,S,M,M,S,M,M,S,M,S,M,M,-,M,S,S,M,M,M,M,S,S,M,M,M,S,-,M,M,M,M,S,S,M,S,M,M,S,M,S,M,S,S,S,S,M,M,S,M,M,S,M,M,M,S,M,M,M,M,M,S,M,S,M,S,S,S,M,S,S,S,M,M,M,S,M,M,S,M,M
*wg1g5c,N1,9.9,M,S,S,S,M,S,M,M,S,S,S,M,M,M,M,M,S,-,S,M,S,M,M,M,S,S,M,M,S,M,M,S,M,S,M,M,S,M,S,-,-,M,S,M,S,M,M,M,M,S,M,M,M,M,M,S,S,M,S,M,M,S,M,S,M,S,S,S,S,M,M,S,M,M,M,M,M,M,S,M,M,M,-,-,S,M,S,M,S,S,S,M,S,S,S,M,M,-,S,M,M,S,S,M
*tg5e11b,N1,16.7,M,S,S,S,M,S,M,M,S,S,S,M,-,M,M,M,-,M,-,M,S,M,-,M,S,S,M,M,S,M,-,S,M,S,M,M,M,M,S,S,-,M,M,M,S,S,M,-,M,S,M,M,-,M,M,S,-,M,S,M,M,S,M,S,M,S,S,S,S,M,M,-,M,M,-,M,S,M,S,-,M,-,-,-,S,M,S,M,S,S,S,M,S,S,S,M,M,-,S,M,M,-,M,M
E35M47.262,N1,27.3,M,-,S,M,M,S,M,M,S,S,S,M,-,M,M,-,S,M,S,M,S,S,S,M,S,S,M,S,S,-,M,S,M,S,M,M,M,M,S,M,M,-,-,M,S,S,-,S,M,S,M,M,M,M,M,S,M,M,S,M,-,S,M,S,M,M,M,S,-,-,M,S,M,M,M,M,S,M,S,M,M,-,M,M,S,-,-,M,S,S,S,M,S,S,S,-,-,-,-,-,-,-,-,-
*tg6c3a,N1,32.4,M,-,S,M,M,S,M,M,S,M,S,M,M,M,S,M,S,M,S,M,S,S,S,M,S,S,M,S,S,S,M,S,M,S,M,M,-,-,S,M,-,M,M,M,S,-,-,S,M,S,M,M,-,M,M,S,M,M,S,M,M,S,M,S,M,M,M,S,S,M,M,S,M,M,M,M,S,-,-,M,M,M,-,M,M,M,S,M,S,S,M,M,S,S,S,M,-,M,S,S,M,M,M,M
E32M48.249,N1,33.5,M,-,S,M,M,S,M,M,S,M,S,M,-,M,S,-,S,M,S,M,S,S,S,M,S,S,M,S,S,-,M,S,M,S,M,M,M,M,S,M,M,-,-,M,S,S,-,S,M,S,M,M,M,M,M,S,M,M,S,M,-,S,M,S,M,M,M,S,-,-,M,S,M,M,M,M,S,M,S,M,M,-,M,S,M,-,S,M,S,S,M,M,S,S,S,-,-,-,-,-,-,-,-,-
E33M50.252,N1,34.6,M,-,S,M,M,S,M,M,S,M,S,M,-,M,S,-,M,M,S,M,S,S,S,M,S,S,M,S,S,-,M,S,M,S,M,M,M,M,S,M,M,-,-,M,S,S,-,S,M,S,M,M,M,M,M,S,M,M,S,M,-,S,M,S,M,M,M,S,-,-,M,S,M,M,M,M,S,M,S,M,M,-,M,S,M,-,S,M,-,S,M,M,S,S,S,-,-,-,-,-,-,-,-,-
E35M48.120,N1,36.9,M,-,S,M,M,S,M,M,S,M,S,S,-,M,-,-,M,M,S,M,-,S,S,M,S,S,M,S,S,-,M,S,M,S,M,M,M,M,S,M,M,-,-,M,S,S,-,S,M,S,M,M,M,M,S,S,M,M,S,M,-,S,M,S,M,M,M,S,-,-,M,S,M,M,M,M,S,M,S,M,M,-,M,S,M,-,S,M,S,S,M,M,S,S,S,-,-,-,-,-,-,-,-,-
*ec5d5,N1,51.2,M,S,S,M,M,S,M,M,M,M,M,S,M,M,S,-,M,M,M,M,S,S,-,M,M,S,M,S,S,S,M,S,M,S,M,M,M,M,M,M,M,M,M,M,S,S,-,-,M,S,M,M,M,M,-,-,-,-,S,M,-,S,S,-,M,M,M,S,-,-,M,S,M,M,M,M,M,M,M,M,-,-,M,S,M,M,S,M,S,-,M,M,M,-,S,M,M,M,S,M,M,M,M,M
*wg1g10a,N1,64,-,S,S,M,M,M,M,M,M,M,M,S,M,M,S,-,M,S,M,M,-,S,M,M,M,S,M,S,S,S,M,M,M,S,S,M,M,M,M,M,M,M,M,S,S,S,-,S,M,M,S,M,M,M,S,M,M,M,S,M,-,S,S,S,M,M,M,S,-,-,M,S,M,M,M,M,M,M,M,M,S,-,M,S,M,M,S,M,S,S,S,M,M,M,S,S,M,M,S,M,M,M,M,M
E33M48.369,N1,67.5,M,-,S,M,S,M,M,M,M,M,M,S,-,M,S,-,M,S,M,M,S,S,M,M,M,S,M,S,M,-,M,M,M,S,S,M,M,M,M,M,M,-,-,S,M,S,-,S,M,M,S,M,M,M,S,M,M,M,S,M,-,S,S,S,M,M,M,S,-,-,M,S,M,M,M,M,M,M,M,M,S,-,M,S,M,-,S,M,S,S,S,M,M,M,S,-,-,-,-,-,-,-,-,-
E33M50.451,N1,68.6,M,-,S,M,S,M,-,S,M,M,M,S,-,M,S,-,-,S,M,M,S,S,M,M,M,S,M,S,M,-,M,M,M,S,S,M,M,M,M,M,M,-,-,S,M,S,-,S,M,M,S,M,M,M,S,M,M,M,S,-,-,S,S,S,-,M,M,S,-,-,M,S,M,M,M,M,M,M,M,M,S,-,M,S,M,-,S,M,-,S,S,M,M,M,S,-,-,-,-,-,-,-,-,-
*tg1f8,N1,71.1,M,S,S,M,S,M,M,S,-,M,M,S,-,M,M,M,-,-,-,M,S,M,-,M,M,S,-,S,M,S,M,M,M,S,S,M,M,M,M,-,-,M,M,S,M,-,M,-,-,M,S,M,-,M,S,M,M,-,S,M,M,S,S,S,M,M,M,S,S,S,M,-,M,M,M,M,M,M,M,-,-,-,-,-,M,M,S,-,S,S,S,M,M,M,S,S,M,-,S,-,-,-,M,M
*wg7b6a,N1,82.4,S,M,S,M,S,M,M,S,-,M,M,S,M,M,M,M,M,-,M,M,S,M,M,M,M,S,M,S,M,S,M,M,M,M,S,M,M,M,M,-,-,M,M,S,M,S,M,S,M,M,S,M,M,-,S,M,M,M,S,S,M,S,S,S,M,M,S,S,S,S,M,S,M,S,M,M,M,M,M,M,S,S,-,S,S,M,S,M,S,M,S,M,M,-,S,S,M,-,-,M,S,M,M,M
*isoACO,N1,85.2,S,M,S,-,S,M,M,-,M,S,M,S,M,M,M,-,M,S,M,M,S,-,M,-,M,S,-,S,M,S,M,M,M,M,S,M,M,M,M,-,M,M,-,S,M,-,-,S,M,M,S,M,M,M,S,M,M,M,S,S,M,-,S,S,M,M,S,S,-,-,-,S,-,S,M,-,M,-,M,M,S,S,S,S,S,M,S,M,S,M,S,M,M,S,S,-,M,-,S,S,-,-,M,M
*ec4f1,N1,91.5,S,M,S,M,S,M,M,S,M,S,M,S,M,M,M,-,-,S,M,M,S,M,M,M,M,M,M,S,M,S,M,M,M,M,S,M,S,M,M,-,M,S,S,S,M,-,-,S,S,M,S,M,M,M,S,M,M,M,S,S,-,S,S,S,M,M,S,S,-,-,M,S,M,S,M,M,M,M,-,-,-,-,S,S,S,M,S,M,S,M,-,M,M,S,S,S,S,-,S,S,S,M,M,M
*ec2e5a,N2,0,M,-,S,S,S,S,S,S,S,S,-,-,-,-,-,-,S,S,S,S,S,M,S,S,S,S,M,S,S,S,S,S,S,S,S,S,S,S,S,-,S,S,S,S,S,M,-,M,S,M,S,S,S,M,M,S,S,S,S,S,-,S,S,M,S,S,S,M,-,-,S,S,M,S,S,-,S,S,M,S,M,-,S,S,S,S,M,S,-,-,S,S,S,-,M,S,-,M,S,M,S,M,S,M
E33M49.117,N2,16.5,M,-,M,S,M,S,S,S,S,S,M,M,-,S,M,-,S,S,S,S,S,M,M,S,S,M,M,M,S,-,S,S,S,S,S,S,S,S,S,M,S,-,-,S,M,M,-,M,S,M,S,S,M,M,M,M,S,S,S,S,-,S,S,M,S,M,S,M,-,-,S,S,M,S,S,M,S,M,M,M,M,-,S,M,S,-,M,S,M,M,S,S,S,M,M,-,-,-,-,-,-,-,-,-
*ec3b12,N2,22.2,M,M,M,S,M,S,S,S,S,S,M,M,M,S,M,-,S,S,S,S,-,M,M,S,S,M,M,S,S,S,S,S,S,S,S,S,S,S,S,M,S,S,S,S,M,M,-,M,S,S,-,S,S,M,M,M,S,S,S,S,-,S,S,M,S,S,S,M,-,-,S,S,M,S,M,M,S,M,M,M,M,-,S,M,S,-,M,S,M,M,S,S,S,M,M,S,M,M,S,M,S,M,S,M
*wg2d11b,N2,23.6,M,M,M,S,M,S,S,S,S,S,M,M,M,S,-,S,S,S,S,S,S,M,S,S,S,-,M,S,S,S,S,S,S,S,S,S,S,S,S,-,S,S,S,S,M,M,M,M,S,S,S,S,S,-,-,M,S,S,S,S,-,S,-,M,S,S,S,M,S,S,S,S,M,S,M,M,S,M,M,M,M,S,-,-,S,S,M,S,M,M,S,S,S,M,M,S,M,M,S,M,S,-,S,M
*wg1g8a,N2,30.7,M,M,M,S,M,S,S,S,-,S,M,M,M,S,M,S,S,S,S,S,-,M,M,S,S,S,M,M,S,S,S,-,S,S,S,S,S,S,-,-,-,S,S,S,M,M,M,M,S,-,S,S,-,S,M,M,S,S,S,S,M,S,S,M,S,M,S,M,S,S,S,M,M,S,S,M,S,M,M,M,M,-,-,-,S,S,M,S,M,M,S,S,S,-,M,S,M,-,S,M,S,-,S,-
E32M49.73,N2,40.3,-,-,S,S,M,S,S,S,S,S,M,M,-,S,M,-,S,S,M,S,S,M,M,S,S,S,M,M,S,-,S,S,S,S,S,M,S,S,S,M,S,-,-,S,M,M,-,M,S,S,S,S,S,S,M,M,S,S,S,S,-,S,S,M,S,S,S,M,-,-,S,M,M,S,M,M,S,S,M,M,M,-,S,M,S,-,M,S,S,M,S,S,S,M,M,-,-,-,-,-,-,-,-,-
*wg3g11,N2,40.3,M,M,S,S,M,S,S,S,S,S,M,M,M,S,M,S,S,S,M,S,S,M,M,S,S,S,M,M,S,M,S,S,S,S,S,M,S,S,S,-,S,S,S,S,M,M,M,M,S,S,S,S,S,-,-,M,-,-,-,S,-,-,S,-,S,S,S,M,S,S,S,M,M,S,M,M,S,S,M,M,M,S,-,M,S,S,M,S,S,M,S,S,S,M,M,S,M,-,S,M,M,M,S,M
*ec3a8,N2,44.3,M,M,S,S,M,S,S,S,S,S,M,M,M,S,M,-,S,S,M,S,-,M,M,S,S,S,M,M,S,M,S,S,S,S,S,M,S,S,S,M,S,S,S,S,M,M,-,M,S,S,-,S,S,S,M,M,S,S,S,S,-,M,S,M,S,S,S,M,-,-,S,M,M,S,S,M,S,S,S,M,M,-,S,M,S,S,S,S,-,M,S,S,S,M,M,S,M,M,S,M,M,M,S,M
*wg7f3a,N2,47.2,M,-,S,M,M,S,S,S,S,S,M,M,M,S,M,S,S,S,M,S,S,M,M,S,S,S,M,M,S,M,S,S,S,S,S,M,-,M,S,M,-,S,-,S,M,-,-,M,S,S,-,S,S,S,M,M,S,S,S,S,M,M,S,M,S,S,S,M,S,S,S,M,M,S,S,M,S,-,-,M,M,S,-,M,S,S,S,S,S,-,S,S,S,M,M,S,M,M,S,M,M,M,-,M
E33M59.59,N2,50.7,M,-,S,M,M,S,S,S,S,S,S,M,-,S,M,-,S,S,M,S,S,M,M,S,S,S,M,M,S,-,S,S,S,S,S,M,S,M,S,M,S,-,-,S,M,S,-,M,S,S,S,S,S,S,M,M,S,S,S,S,-,M,S,M,S,S,S,M,-,-,S,M,M,S,S,M,S,S,S,M,M,-,M,S,S,-,S,S,S,M,S,S,S,M,M,-,-,-,-,-,-,-,-,-
E35M62.117,N2,57.6,M,M,S,M,M,S,S,-,S,S,S,M,M,S,M,-,S,S,M,S,S,M,M,S,S,S,M,M,S,M,S,-,S,S,S,M,S,M,S,S,M,-,-,S,M,S,-,M,S,M,S,S,-,S,M,M,S,S,M,S,M,M,S,M,S,S,S,S,-,-,S,M,M,S,S,M,S,S,S,M,S,M,M,S,S,S,S,S,S,M,S,S,S,M,M,S,M,M,S,M,M,M,S,M
*wg6b10,N2,58.8,M,-,S,M,M,S,S,S,S,S,S,M,-,S,M,S,S,S,M,S,S,M,M,S,S,S,M,M,S,-,S,S,S,S,S,M,S,M,S,-,-,S,S,S,M,S,M,M,S,M,S,S,S,-,M,M,S,S,M,S,-,M,S,M,S,S,S,M,S,S,S,M,M,S,S,M,S,S,S,M,S,-,-,-,S,-,S,S,S,M,S,S,S,M,M,-,-,-,-,-,-,-,-,-
*wg8g1b,N2,63.7,M,M,S,M,M,S,S,S,S,S,S,-,-,S,M,S,-,-,-,S,S,M,-,-,S,S,M,M,-,M,-,S,S,S,S,M,-,M,S,-,-,S,S,-,M,-,M,M,S,M,S,S,S,S,M,M,S,S,M,S,-,M,S,M,M,S,S,S,S,M,S,M,M,S,S,S,S,S,S,M,S,M,-,S,S,S,S,-,-,M,S,S,S,M,M,S,M,-,M,M,M,-,S,M
*wg5a5,N2,66.9,M,M,S,M,M,S,S,S,-,S,M,M,M,S,M,S,S,S,M,S,S,M,M,S,S,S,M,M,S,M,S,S,S,S,S,M,S,M,S,-,-,S,S,S,M,S,M,M,S,M,S,S,S,-,M,S,S,S,M,S,M,M,S,M,M,S,S,S,S,M,S,M,M,S,S,S,S,S,S,M,S,-,-,-,S,S,S,S,S,M,S,S,S,S,M,S,M,-,M,M,M,M,S,M
*tg6a12,N2,71.2,M,M,S,M,M,S,S,S,S,S,M,M,M,S,M,S,S,S,M,S,S,M,M,S,S,S,M,M,S,M,S,S,S,S,M,M,S,M,S,-,-,S,S,S,M,S,M,M,S,M,S,S,S,-,M,S,S,S,M,S,M,M,S,M,M,S,S,S,M,M,S,M,M,S,S,S,S,S,S,M,S,M,M,S,S,S,S,S,S,M,S,M,S,S,M,S,M,-,M,M,M,-,M,M
*Aca1,N2,78.7,M,-,S,S,M,-,M,S,S,S,M,M,M,M,M,-,S,-,M,S,-,M,-,S,S,S,M,M,S,M,S,-,S,S,M,M,-,M,S,S,M,S,-,S,M,S,M,M,S,M,-,S,S,M,M,S,S,M,M,M,M,M,S,M,M,M,S,S,M,M,S,M,M,S,S,S,-,S,S,M,S,M,M,S,S,-,S,S,S,M,S,M,S,S,M,S,M,M,M,M,M,M,M,M
E38M50.133,N2,79.9,M,-,S,S,M,-,M,S,S,S,M,M,-,M,M,-,S,S,M,M,S,M,M,S,S,S,M,M,S,-,S,S,S,S,M,M,S,M,S,S,M,-,-,S,M,S,-,M,S,M,S,S,S,M,M,S,S,M,M,M,-,M,S,M,-,M,S,S,-,-,S,M,M,S,S,S,S,S,S,M,S,-,M,S,S,-,S,-,S,M,S,M,S,S,M,-,-,-,-,-,-,-,-,-
E35M59.117,N2,93.6,S,-,S,S,M,M,M,S,S,M,M,M,-,M,M,-,S,S,M,M,M,M,M,S,S,M,M,M,S,-,S,S,S,S,M,M,S,M,S,S,M,-,-,M,M,S,-,M,S,M,S,S,S,M,M,S,S,M,M,M,-,M,S,M,M,M,M,S,-,-,S,M,S,S,S,S,S,S,M,M,S,-,M,S,M,-,S,S,S,M,M,M,S,S,M,-,-,-,-,-,-,-,-,-
*ec2d1a,N2,107.9,S,M,S,S,M,M,M,M,S,M,M,S,M,M,M,-,S,S,M,M,-,M,M,S,S,M,M,M,S,M,S,S,S,M,M,M,S,M,S,S,M,S,-,M,M,S,-,M,S,M,-,S,S,M,M,S,M,M,M,M,-,S,S,S,M,M,M,S,-,-,M,M,S,S,S,S,S,M,M,S,S,-,S,S,M,-,S,S,S,S,M,M,S,S,M,S,M,M,M,S,M,M,M,M
*wg1a10,N2,119.8,S,M,S,S,S,M,M,M,S,M,M,S,M,M,S,M,S,S,S,M,M,M,S,S,S,M,M,M,M,S,S,S,S,M,-,M,S,M,S,S,-,S,M,M,M,S,M,M,S,M,S,S,M,M,M,S,M,M,M,M,M,S,S,S,M,-,-,M,M,M,M,M,S,M,S,S,S,M,M,S,S,S,-,-,M,S,S,S,S,S,M,M,M,S,M,S,M,M,M,S,M,M,M,M
*tg2h10b,N2,121.2,S,M,S,S,S,M,M,M,S,M,M,S,-,M,S,M,-,-,-,-,M,M,-,-,S,-,M,M,M,S,-,S,S,M,M,M,S,M,S,S,-,S,M,-,M,-,M,-,-,M,S,S,M,M,M,S,M,M,M,M,M,S,S,S,M,M,M,M,M,M,M,M,S,S,S,S,S,-,M,-,-,S,-,-,M,S,S,S,S,S,M,M,M,S,M,-,M,-,M,-,-,M,-,M
*tg2f12,N2,125.6,S,M,S,S,S,M,M,M,-,M,M,M,-,M,S,M,S,-,-,S,M,M,S,S,S,M,M,M,M,S,S,S,S,S,M,M,S,M,S,-,-,S,M,M,M,-,M,M,S,M,S,S,M,M,M,S,M,M,M,M,M,S,S,S,M,M,M,M,M,M,M,-,S,S,S,S,S,M,M,-,S,S,-,-,M,S,S,S,S,S,M,M,M,S,M,S,M,-,M,S,-,M,-,S
E33M49.491,N3,0,S,-,S,M,S,M,S,M,S,M,S,M,-,M,S,-,S,M,S,S,M,M,M,S,M,M,S,S,S,-,S,S,M,S,S,S,S,S,M,S,S,-,-,M,S,S,-,S,M,M,-,M,M,S,S,S,S,S,M,S,-,M,M,S,M,S,M,S,-,-,S,M,S,M,S,S,S,S,M,M,S,-,M,S,M,-,S,S,-,S,S,S,S,S,S,-,-,-,-,-,-,-,-,-
E38M62.229,N3,1.3,S,-,S,M,S,M,S,M,S,M,M,M,-,M,-,-,S,M,S,S,M,M,M,S,M,M,S,S,S,-,S,S,M,S,S,S,S,S,M,S,S,-,-,M,S,S,-,S,M,M,S,M,M,S,S,S,S,S,M,S,-,M,M,S,M,S,M,S,-,-,S,M,S,M,S,S,S,S,M,M,S,-,M,S,M,-,S,S,M,S,S,S,S,S,S,-,-,-,-,-,-,-,-,-
*wg1g10b,N3,2.5,-,M,S,M,S,M,S,M,S,M,M,M,S,M,S,-,S,M,S,S,-,M,M,S,M,M,S,S,M,M,S,S,-,S,S,S,S,S,M,S,S,S,S,M,S,S,-,S,M,M,-,M,M,S,S,S,S,S,M,S,-,M,M,S,M,S,M,S,-,-,S,M,S,M,S,S,S,S,M,M,S,-,M,S,M,-,S,S,M,S,S,S,S,S,S,S,S,M,M,M,S,M,S,M
*ec4h7,N3,6.2,-,M,S,M,S,-,S,M,S,M,M,M,S,M,S,-,S,M,S,S,M,M,M,S,M,M,S,S,M,M,S,S,-,S,S,S,S,S,M,S,S,S,S,M,S,S,-,S,M,M,-,M,M,S,S,S,S,S,-,S,-,-,M,S,S,S,M,S,-,-,S,-,S,M,S,S,S,S,M,M,-,-,M,S,M,M,S,S,S,S,S,M,S,S,S,S,S,M,M,M,S,-,S,M
*wg4d10,N3,11,S,-,S,-,S,M,S,M,S,M,M,M,S,M,S,M,S,M,S,S,M,M,M,S,M,M,S,S,M,M,S,S,M,S,S,S,-,-,M,S,-,S,S,M,S,-,-,S,M,M,-,M,S,S,S,S,S,S,M,S,S,M,M,S,S,S,S,S,S,M,S,M,S,-,S,S,S,-,-,M,M,M,-,S,M,M,S,S,M,-,S,M,S,S,S,S,S,M,M,M,S,M,S,M
E32M50.409,N3,16.8,S,-,S,M,S,M,S,M,M,M,M,M,-,M,S,-,S,M,S,S,M,M,M,S,M,M,S,S,M,-,S,S,M,M,S,S,M,S,M,S,S,-,-,M,S,S,-,S,M,M,S,M,S,S,S,M,S,S,M,S,-,M,S,S,S,S,S,S,-,-,S,M,S,M,S,S,S,M,M,M,M,-,M,S,M,-,S,S,M,S,S,M,S,S,S,-,-,-,-,-,-,-,-,-
E38M50.159,N3,20.7,S,-,S,M,S,-,S,S,M,M,M,M,-,M,S,-,S,M,S,M,M,M,M,S,M,M,S,S,M,-,S,S,M,M,S,S,M,S,M,S,S,-,-,M,S,S,-,S,S,M,S,M,S,S,S,M,S,S,M,S,-,M,S,S,-,S,S,S,-,-,S,M,S,M,S,S,S,M,M,M,M,-,M,S,M,-,S,-,M,S,S,M,S,S,S,-,-,-,-,-,-,-,-,-
E33M47.338,N3,24.6,S,-,S,M,S,M,S,M,M,M,M,M,-,M,S,-,S,M,S,M,M,M,M,S,M,M,S,S,S,-,S,S,M,M,S,S,M,S,M,S,S,-,-,M,-,S,-,S,S,M,S,M,S,S,S,M,S,S,M,S,-,S,S,S,S,S,S,S,-,-,S,M,S,M,S,S,S,M,M,M,M,-,M,S,M,-,S,M,M,S,S,M,S,S,S,-,-,-,-,-,-,-,-,-
*ec2d8a,N3,26.8,S,M,S,M,S,M,S,S,M,M,M,M,S,M,S,-,S,M,S,M,-,M,M,S,M,M,S,S,S,M,S,S,M,M,S,S,M,S,M,S,M,S,S,M,S,S,-,S,S,M,-,M,S,S,S,M,S,S,M,S,-,S,S,S,S,S,S,S,-,-,S,M,S,M,S,S,S,M,M,M,M,-,M,S,M,-,S,M,M,S,S,M,S,S,S,S,S,M,M,M,S,S,S,M
E33M49.165,N3,33.7,S,-,S,M,S,M,S,S,S,M,M,M,-,S,S,-,S,M,S,M,M,M,M,S,M,M,S,S,S,-,M,S,M,M,S,S,M,S,M,S,S,-,-,M,S,S,-,S,S,M,S,M,S,S,S,M,S,S,M,S,-,S,S,S,S,S,S,S,-,-,S,M,S,M,S,S,S,M,M,M,M,-,M,S,S,-,S,M,M,S,S,M,S,S,S,-,-,-,-,-,-,-,-,-
*wg4f4c,N3,35.8,S,M,S,M,S,M,S,S,-,M,M,M,S,S,S,M,S,-,S,M,M,M,S,S,M,M,S,S,S,M,M,-,M,M,S,S,M,S,M,-,-,S,S,M,S,S,M,S,S,M,S,M,S,-,S,M,S,S,M,S,S,-,-,-,-,-,-,-,S,M,S,M,S,-,S,S,S,M,-,M,M,M,-,S,S,M,S,M,M,S,S,M,S,S,S,S,S,-,S,M,-,M,S,M
E35M48.148,N3,37.2,S,-,S,M,S,M,S,S,S,M,M,M,-,S,-,-,S,M,S,M,M,M,M,S,M,M,S,S,S,-,M,S,M,M,S,S,M,S,M,M,S,-,-,M,S,S,-,S,S,M,S,M,S,S,S,M,S,S,M,S,-,S,S,S,S,S,S,S,-,-,S,M,S,M,S,S,S,M,M,M,M,-,M,S,S,-,S,M,M,S,S,M,S,S,S,-,-,-,-,-,-,-,-,-
*wg6c6,N3,39.2,S,M,S,M,S,M,S,S,-,M,M,M,S,S,S,M,S,M,M,M,M,M,-,S,M,M,S,S,S,M,M,S,S,M,S,S,M,S,M,-,-,S,S,M,S,S,M,S,-,M,S,M,S,S,S,M,S,S,M,S,S,S,S,S,S,S,S,S,S,M,S,M,S,M,S,S,S,M,M,M,M,M,M,S,S,M,S,M,M,S,S,M,S,S,S,S,S,-,S,M,S,M,S,M
*ec4g7b,N3,40.2,S,M,S,M,S,M,S,S,S,M,M,M,S,S,S,-,S,M,S,M,M,M,M,S,M,M,S,S,S,M,M,S,S,M,S,S,M,S,M,M,S,S,S,M,S,S,-,-,S,M,S,M,S,S,S,M,S,S,M,S,-,S,S,S,S,S,S,S,-,-,S,M,S,M,S,S,S,M,M,M,M,-,M,S,S,-,S,M,M,S,S,M,S,S,S,S,S,M,S,M,S,M,-,-
*wg7a11,N3,41.3,-,-,-,M,S,M,-,S,S,M,M,M,S,S,S,M,S,M,S,M,M,M,S,S,M,M,S,S,S,M,M,S,S,M,S,S,-,-,M,M,S,S,S,M,S,-,-,S,S,M,-,M,S,S,S,M,S,S,M,S,S,S,S,S,S,S,S,S,S,M,S,M,S,M,S,S,S,-,-,M,M,M,-,S,S,M,S,M,M,S,S,M,S,S,S,S,-,M,S,M,S,M,S,M
*wg5b1a,N3,58.8,S,M,M,M,S,M,S,S,S,M,M,M,S,S,S,-,-,M,M,M,M,M,-,M,S,S,M,M,S,M,M,M,S,M,S,S,M,S,M,M,S,S,S,M,S,-,-,-,S,M,S,M,S,S,S,M,S,S,M,M,S,-,S,S,S,S,S,S,-,M,M,M,M,M,S,M,S,M,M,M,M,M,M,S,S,M,S,M,M,-,S,M,S,-,S,S,S,M,S,S,S,M,M,M
*ec4e7a,N3,61.1,S,M,M,M,S,M,S,S,S,M,M,M,S,S,S,-,S,M,M,M,-,M,S,M,S,S,M,M,S,M,M,M,S,M,S,S,M,S,M,M,S,S,S,M,S,S,-,S,S,M,-,M,S,S,S,M,S,S,M,M,-,M,S,S,S,S,S,S,-,-,M,M,M,M,S,M,S,M,M,M,M,-,M,M,S,-,S,M,M,S,S,M,S,S,S,S,S,M,S,S,S,M,S,M
E32M61.218,N3,63.5,S,-,M,M,S,M,S,S,S,M,M,M,-,S,S,-,S,M,M,M,M,M,S,M,S,S,M,M,S,-,M,M,M,M,S,S,M,S,M,M,-,-,-,M,S,S,-,S,S,M,S,M,S,S,S,M,S,S,M,-,-,M,S,S,S,S,S,S,-,-,M,M,M,S,S,M,S,M,M,-,M,-,M,M,S,-,S,M,M,S,S,M,S,S,S,-,-,-,-,-,-,-,-,-
*wg4a4b,N3,79.2,S,M,-,M,S,M,M,S,-,S,M,M,S,S,-,M,-,M,M,M,-,M,-,M,S,S,-,M,S,-,M,S,-,-,-,S,-,S,M,-,-,S,S,M,S,M,S,S,-,M,-,-,M,-,S,-,S,-,-,M,S,M,M,S,S,S,S,S,S,S,-,M,M,-,S,S,M,M,-,M,M,M,M,-,S,M,S,M,M,S,M,M,S,S,-,S,-,-,M,S,S,-,S,M
E33M50.183,N3,80.9,S,-,M,M,S,M,M,S,S,-,M,M,-,S,M,-,M,M,M,M,M,M,S,M,S,S,M,M,S,-,M,S,M,M,S,S,M,S,M,M,S,-,-,M,S,M,-,S,S,M,S,M,M,S,S,M,S,S,M,M,-,M,M,S,S,S,S,S,-,-,S,M,M,S,S,S,M,M,M,M,M,-,S,M,S,-,S,M,-,S,M,M,S,S,S,-,-,-,-,-,-,-,-,-
E33M62.140,N3,82.1,S,-,M,M,S,M,M,S,S,S,M,M,-,S,M,-,M,M,M,M,M,M,S,M,S,S,M,M,S,-,M,S,M,M,S,S,M,S,M,M,S,-,-,M,S,M,-,S,S,M,M,M,M,S,S,M,S,S,M,M,-,M,M,S,S,S,S,S,-,-,S,M,M,S,S,S,M,M,M,M,M,-,S,M,S,-,S,M,M,S,M,M,S,S,S,-,-,-,-,-,-,-,-,-
*wg9c7,N3,94.4,S,M,M,M,S,M,M,S,S,S,M,M,S,S,M,M,M,M,S,M,M,S,M,M,S,S,M,M,M,M,M,S,M,S,S,S,M,S,M,M,S,S,M,M,S,M,S,S,S,M,M,M,M,S,S,M,S,S,M,M,S,M,M,S,S,S,S,S,S,S,S,S,M,S,M,S,M,M,M,M,M,-,-,M,S,M,S,M,M,M,M,M,-,S,M,S,S,M,M,M,S,M,S,M
*wg6b2,N3,100.9,S,M,M,M,S,M,S,S,-,S,M,M,S,S,M,M,M,-,S,M,M,S,-,M,S,S,M,M,M,M,M,S,M,S,S,S,S,S,M,-,-,S,M,S,S,M,S,S,S,M,M,M,M,S,S,M,S,S,M,M,S,M,M,S,S,S,M,S,M,S,S,S,M,S,M,S,M,M,M,M,M,S,-,M,S,M,S,M,M,M,M,M,S,S,M,S,S,M,M,M,S,-,S,M
E33M49.211,N3,106.7,S,-,M,M,S,M,S,-,M,S,M,M,-,M,M,-,M,M,S,M,M,S,M,M,S,S,M,M,M,-,M,S,M,S,S,S,S,S,M,M,S,-,-,S,S,M,-,S,S,M,M,M,M,S,S,M,S,S,M,M,-,M,M,S,S,S,M,S,-,-,-,S,M,S,M,-,M,M,S,M,M,-,S,M,M,-,S,M,M,M,M,M,M,S,M,-,-,-,-,-,-,-,-,-
*wg2e12b,N3,108.5,S,M,M,M,S,M,S,S,-,S,M,M,S,M,S,M,M,M,S,M,M,S,-,M,S,S,M,M,M,M,M,S,M,S,-,S,S,S,M,-,-,S,M,S,S,M,S,S,S,M,M,M,M,-,S,M,S,-,M,M,S,M,M,S,S,S,M,S,M,S,S,S,M,S,M,S,M,M,-,M,M,S,-,-,M,M,S,M,M,M,M,-,-,S,M,S,M,-,M,M,S,S,S,-
*isoIdh,N3,110.7,-,M,M,-,S,M,S,-,M,S,M,M,S,M,S,-,M,M,S,M,M,-,M,-,S,S,M,M,M,M,M,S,M,-,S,S,S,S,M,-,-,S,-,S,S,-,-,S,S,M,M,M,M,S,S,M,S,S,M,M,S,-,M,S,S,S,M,S,-,-,-,S,-,S,M,-,M,-,S,M,M,S,-,M,M,M,S,M,M,M,M,S,M,S,M,-,S,-,M,-,-,S,S,M
*wg3f7c,N3,124.8,M,M,M,M,S,S,S,S,M,S,M,-,S,M,S,M,M,M,S,M,-,S,M,M,S,M,M,M,M,M,M,S,M,S,S,S,S,S,M,M,S,S,S,S,S,S,S,S,S,M,-,M,S,M,S,M,M,-,M,-,-,M,M,S,S,S,S,M,-,-,S,S,M,S,M,S,M,M,S,M,M,-,S,M,M,-,S,M,S,M,M,S,M,S,M,S,S,M,M,S,S,S,S,M
*ec3b4,N4,0,S,S,S,S,M,M,M,S,S,S,M,M,M,M,S,S,S,M,S,M,M,M,M,M,S,M,M,M,M,S,S,M,S,M,M,M,S,M,S,M,S,S,M,S,S,S,-,S,M,S,M,M,M,M,S,M,-,M,S,M,S,M,S,M,M,M,M,S,S,M,S,M,S,S,M,M,S,M,M,S,S,S,S,M,M,S,S,S,S,M,M,S,M,M,S,S,S,M,S,S,S,S,S,M
E33M62.206,N4,12.4,S,-,S,S,M,M,M,S,S,S,M,M,-,M,S,-,S,S,S,M,M,M,M,M,M,M,M,M,M,-,S,M,S,M,M,M,S,M,S,S,S,-,-,S,M,S,-,S,M,S,M,M,M,M,S,M,M,M,M,M,-,M,S,M,M,M,M,S,-,-,S,M,S,S,M,M,S,M,M,S,S,-,S,M,S,-,S,M,S,M,M,S,M,M,S,-,-,-,-,-,-,-,-,-
*wg5b2,N4,12.4,-,M,S,S,M,M,M,-,-,S,M,M,M,M,S,-,-,-,S,M,M,M,M,M,M,M,M,M,M,S,S,M,S,M,M,M,-,M,S,-,-,S,M,-,M,S,S,S,-,-,M,M,M,-,-,M,M,-,-,M,M,M,-,M,M,M,M,S,M,M,S,M,S,S,M,M,S,M,-,S,S,-,-,-,S,S,-,M,S,-,M,S,M,M,S,S,-,-,S,S,S,-,-,M
E32M59.302,N4,15.3,S,-,S,S,M,M,M,S,S,S,M,M,-,M,S,-,-,S,S,M,M,M,M,M,M,M,M,M,M,-,S,M,S,M,M,M,S,M,S,S,S,-,-,S,M,S,-,S,M,S,M,M,M,M,S,M,S,M,M,M,-,M,S,M,M,M,S,S,-,-,S,M,S,S,M,M,S,M,M,S,S,-,S,M,S,-,S,M,-,M,M,S,M,M,S,-,-,-,-,-,-,-,-,-
*wg6a12,N4,24,S,-,S,S,M,M,M,S,S,S,-,M,-,S,S,S,M,S,S,M,M,S,-,-,S,M,M,S,M,S,-,M,S,M,M,M,S,S,S,S,-,S,M,S,M,-,-,S,M,S,M,M,-,M,S,M,S,M,M,M,S,M,S,M,M,M,S,S,M,M,S,M,S,S,M,M,S,-,-,S,S,M,-,M,S,S,S,M,S,M,M,S,M,M,S,S,-,-,S,S,S,-,M,M
*wg4d7c,N4,29.4,S,M,S,S,M,M,M,S,-,S,M,M,-,S,S,S,-,-,-,-,M,S,-,-,M,M,-,S,-,S,-,M,S,M,M,M,S,S,S,-,-,S,M,-,M,-,-,-,-,-,M,M,M,M,M,M,S,M,M,M,-,M,S,M,M,M,S,S,M,S,S,-,S,S,M,M,S,-,-,-,S,-,S,-,S,S,S,M,M,M,M,S,M,M,-,-,S,-,S,S,S,-,-,-
*ec4c5b,N4,33.4,S,M,S,S,M,M,M,M,M,S,M,M,M,S,S,-,M,S,S,M,-,S,M,M,M,M,M,S,M,S,S,M,S,M,M,M,S,S,S,S,S,S,M,S,M,S,-,S,M,S,-,M,M,M,M,M,S,M,M,M,-,M,S,M,M,M,S,S,-,-,S,M,S,S,M,M,S,S,M,S,S,-,M,M,S,-,S,M,M,M,M,S,M,M,S,S,S,S,S,M,S,S,M,M
E32M61.166,N4,42.1,S,-,S,S,S,M,M,M,M,S,M,M,-,M,S,-,M,S,S,M,M,S,M,S,M,M,M,S,S,-,S,M,S,M,M,M,S,S,S,S,S,-,-,S,M,S,-,S,M,S,M,M,M,M,M,S,S,M,M,-,-,M,M,M,M,M,S,S,-,-,M,M,S,S,M,M,S,S,M,-,S,-,M,M,S,-,S,M,M,M,M,S,M,M,S,-,-,-,-,-,-,-,-,-
E32M47.136,N4,49.5,S,-,M,S,S,M,M,M,M,S,M,S,-,M,S,-,M,S,S,M,M,S,M,S,M,M,M,S,S,-,S,M,S,M,S,M,S,S,S,S,S,-,-,S,M,S,-,S,S,S,M,M,M,M,M,S,S,M,M,M,-,M,M,M,M,M,S,S,-,-,M,M,S,M,M,M,S,S,M,S,S,-,M,M,S,-,S,M,M,M,M,S,M,M,M,-,-,-,-,-,-,-,-,-
E32M62.107,N4,68.5,S,-,M,M,S,M,M,M,S,S,M,S,-,M,S,-,M,S,M,M,S,S,S,S,M,M,M,S,S,-,S,M,S,M,S,S,S,S,M,S,M,-,-,S,M,S,-,S,S,S,M,M,M,M,M,S,S,S,M,M,-,M,M,M,M,S,S,S,-,-,S,S,S,M,M,S,M,S,M,S,S,-,M,M,S,-,S,M,M,M,M,S,M,M,M,-,-,-,-,-,-,-,-,-
*wg6f10,N4,72.5,S,-,M,M,S,M,M,M,S,S,M,S,S,M,S,S,M,S,M,M,S,S,S,S,S,M,M,S,S,S,S,M,S,M,S,S,S,S,M,S,M,S,M,S,M,S,M,S,S,S,M,M,M,S,M,S,S,S,M,M,S,S,M,M,M,S,S,S,M,S,S,S,S,M,M,S,M,-,-,S,S,M,-,M,S,S,S,M,M,M,M,S,M,M,M,M,S,S,S,M,M,S,M,M
*ec5e12c,N4,80,S,M,M,M,S,M,M,M,S,S,M,S,S,M,S,-,M,S,M,M,-,S,M,S,S,M,S,S,S,S,S,M,S,M,S,S,S,S,M,S,M,S,M,S,M,S,-,S,S,S,-,M,M,S,M,S,M,S,S,M,-,S,M,M,M,S,S,S,-,-,S,S,M,M,M,S,M,S,S,S,S,-,M,M,S,S,S,M,M,M,M,S,M,M,M,M,S,S,S,M,S,S,M,M
E38M62.358,N5,0,M,-,M,M,S,M,S,S,M,S,M,M,-,M,-,-,S,S,M,S,M,M,S,M,M,M,S,S,S,-,M,S,M,S,M,S,M,M,M,S,M,-,-,M,S,M,-,S,S,S,M,M,M,S,S,S,S,M,M,M,-,M,M,M,S,M,M,S,-,-,M,S,M,S,M,M,M,S,S,M,M,-,M,S,S,-,M,M,S,S,S,S,M,M,M,-,-,-,-,-,-,-,-,-
E35M62.256,N5,3.8,M,-,M,M,S,M,S,S,M,S,M,M,-,M,S,-,S,S,M,S,M,M,S,M,M,M,S,S,S,-,M,-,M,S,M,S,S,M,M,S,M,-,-,M,S,S,-,M,S,S,M,M,-,S,S,S,S,M,M,M,-,M,M,M,S,M,M,S,-,-,M,S,M,S,M,M,M,S,S,M,M,-,M,S,S,-,M,M,S,S,S,S,M,M,M,-,-,-,-,-,-,-,-,-
*ec5a7b,N5,13.1,S,M,M,M,S,M,S,S,M,M,-,M,M,M,S,-,S,S,M,S,M,M,S,M,M,M,M,S,S,S,M,S,S,S,M,S,S,M,S,S,M,S,M,M,S,S,-,-,S,S,M,M,M,S,S,S,S,M,M,M,-,M,M,M,S,M,S,S,-,-,M,S,S,S,M,M,M,S,S,M,-,-,M,S,S,S,M,M,S,-,S,S,M,-,M,S,M,-,M,M,S,S,M,M
*wg3c9,N5,16.6,S,M,M,M,S,M,S,S,M,M,M,M,M,M,-,M,S,S,M,S,-,S,S,M,M,M,M,S,S,S,M,S,S,S,M,S,S,M,S,-,-,S,M,M,S,S,M,M,S,-,M,M,M,-,S,S,S,-,M,M,M,M,M,M,S,M,S,S,S,M,M,S,-,S,M,M,M,S,-,M,M,-,S,-,S,S,S,M,S,S,S,S,-,M,M,S,-,-,M,M,S,-,M,M
E33M47.154,N5,38.8,S,-,M,M,S,M,S,S,M,M,M,M,-,M,S,-,S,S,M,S,S,S,S,M,M,M,M,M,S,-,S,S,S,S,M,S,S,M,S,S,M,-,-,M,-,S,-,M,M,S,M,S,M,S,M,M,S,M,M,S,-,M,S,M,S,M,S,S,-,-,M,S,S,S,S,S,M,S,S,M,M,-,M,S,M,-,S,M,S,M,S,S,M,M,M,-,-,-,-,-,-,-,-,-
E35M59.581,N5,40.1,S,-,M,M,S,M,S,S,M,M,M,M,-,M,S,-,S,S,M,S,S,S,S,M,M,M,M,M,S,-,S,S,S,S,M,S,S,M,S,S,M,-,-,M,M,S,-,M,M,S,M,S,M,S,M,M,S,M,M,S,-,M,S,M,S,M,S,S,-,-,M,S,S,S,S,S,M,S,S,M,M,-,M,S,M,-,S,M,S,M,M,S,M,M,M,-,-,-,-,-,-,-,-,-
E32M47.460,N5,42.6,S,-,M,M,S,M,S,S,M,M,M,M,-,M,S,-,S,S,M,S,S,S,S,M,M,M,M,M,S,-,S,S,S,S,M,S,S,M,S,S,S,-,-,M,M,S,-,M,M,M,M,S,M,S,M,M,S,M,M,S,-,M,S,M,S,M,S,S,-,-,M,S,S,S,S,S,M,S,S,M,M,-,M,S,M,-,S,M,S,M,M,S,M,M,M,-,-,-,-,-,-,-,-,-
*ec4g7a,N5,49,S,M,M,M,S,M,S,M,M,M,M,M,S,M,S,-,M,M,M,S,S,S,S,M,M,M,M,M,S,S,S,S,S,S,M,S,S,M,S,S,S,S,S,M,M,S,-,M,M,M,S,S,M,S,M,M,S,M,M,-,-,M,S,M,S,M,S,-,-,-,M,S,S,S,S,S,M,M,S,M,M,-,M,S,M,-,S,M,S,M,M,S,M,M,M,S,M,M,M,M,S,S,-,-
*ec6b2,N5,50.1,S,M,M,M,S,M,S,M,M,M,M,M,S,M,S,-,M,M,M,S,S,S,S,M,M,M,M,M,S,S,S,S,S,S,M,S,S,M,S,S,S,S,S,M,M,S,-,M,M,M,S,S,M,S,M,M,-,M,M,S,-,M,S,M,S,M,S,S,-,-,M,M,S,S,S,S,M,M,S,M,-,-,M,S,M,S,S,M,S,-,M,S,M,-,M,S,M,M,M,M,S,S,M,S
E35M62.111,N5,60.1,S,-,M,M,S,M,S,M,M,M,M,M,-,M,S,-,M,M,M,S,S,S,S,M,S,M,M,M,S,-,S,-,S,S,S,S,S,M,S,S,S,-,-,M,M,S,-,M,M,M,S,M,-,S,M,M,S,M,M,S,-,M,S,M,S,M,S,M,-,-,M,M,S,S,S,S,M,M,S,M,M,-,M,M,M,-,S,S,S,M,M,S,S,M,M,-,-,-,-,-,-,-,-,-
*wg1g6,N5,61.4,S,-,M,M,S,M,S,M,M,M,M,M,S,M,S,S,M,M,M,S,S,S,M,M,-,M,M,M,S,S,S,M,S,S,S,-,S,M,S,S,S,M,-,M,M,S,M,M,M,-,S,M,M,S,M,M,S,M,M,S,M,M,S,M,S,M,S,M,S,S,M,M,S,S,S,S,M,M,-,M,M,M,-,M,M,S,S,S,S,M,M,S,S,M,M,S,M,M,M,M,S,S,M,S
E35M62.201,N5,64.4,S,-,M,M,S,M,S,M,M,M,M,M,-,M,S,-,M,M,M,S,S,S,M,M,M,M,M,M,S,-,S,-,S,S,S,S,S,M,S,S,S,-,-,M,M,S,-,M,M,M,S,M,-,S,M,M,S,M,M,S,-,M,S,M,S,M,M,M,-,-,M,M,S,S,S,S,M,M,S,M,M,-,M,M,M,-,S,S,S,M,M,S,S,M,M,-,-,-,-,-,-,-,-,-
*ec4c5a,N5,67.4,S,M,M,M,S,M,S,M,M,M,S,M,S,M,S,-,M,M,M,S,-,S,M,M,M,M,M,M,S,S,S,S,S,S,S,S,S,M,S,S,S,M,M,M,M,S,-,M,M,M,-,M,M,S,M,M,S,M,S,-,-,M,S,M,-,M,M,M,-,-,M,M,S,S,S,S,M,M,S,M,M,-,M,M,M,S,-,S,-,M,M,S,S,M,M,-,-,M,M,M,S,S,M,S
*ec5a7a,N5,68.4,S,M,M,M,S,M,S,M,M,M,S,M,S,M,S,-,M,M,M,S,S,S,M,M,M,M,M,M,S,S,S,S,S,S,S,S,S,M,M,S,S,M,M,M,M,S,-,-,M,M,S,M,M,S,-,M,-,M,S,S,-,M,S,M,S,M,M,M,-,-,M,M,S,S,S,S,M,M,S,M,-,-,M,M,M,S,S,S,S,-,M,S,S,-,M,S,M,M,M,M,S,S,M,S
*wg1h5,N5,69.4,-,-,M,M,S,-,-,-,M,M,S,M,S,M,S,S,M,M,M,-,-,S,M,M,M,M,M,M,S,S,S,S,S,S,-,S,S,M,M,-,S,M,S,M,M,-,M,M,M,-,S,M,M,-,M,M,S,-,S,S,M,M,-,M,S,M,M,M,S,S,M,M,S,S,S,S,M,M,-,M,M,M,-,M,M,S,S,S,S,M,M,S,S,M,M,S,M,-,M,M,S,S,M,S
*wg6a10,N5,77.6,M,M,M,M,S,M,S,M,M,S,S,M,S,M,S,S,M,M,M,S,S,S,-,S,M,M,M,M,S,S,S,S,S,M,S,S,S,M,M,-,S,M,S,M,M,S,M,M,M,M,S,M,M,-,M,M,S,M,S,S,M,M,S,M,S,M,M,M,S,S,M,M,S,S,S,S,M,M,-,M,M,-,-,M,M,S,M,S,S,M,M,M,S,M,M,S,S,M,M,M,S,S,M,S
E33M50.120,N5,80,M,-,M,M,S,M,S,M,M,S,S,M,-,M,S,-,M,M,M,-,S,S,S,S,M,M,M,M,S,-,S,S,S,M,S,S,S,M,M,S,S,-,-,M,M,S,-,M,M,M,S,M,M,S,M,M,S,M,S,S,-,M,S,M,S,M,M,M,-,-,M,M,S,S,S,S,M,M,S,M,S,-,M,M,S,-,M,S,-,M,M,M,S,M,M,-,-,-,-,-,-,-,-,-
*ec4e8,N5,81.1,M,M,M,M,S,M,S,M,M,S,S,M,S,M,S,-,M,M,M,S,-,S,S,S,M,M,M,M,S,S,S,S,S,M,S,S,S,M,M,S,S,M,-,M,M,S,-,M,M,M,-,M,M,S,M,M,S,M,S,S,-,M,S,M,S,M,M,M,-,-,M,M,S,S,S,S,M,M,M,M,S,-,M,M,S,-,M,S,S,M,-,M,S,M,-,S,S,M,M,M,S,S,M,S
E33M48.191,N6,0,-,-,S,S,S,M,M,S,M,M,S,S,-,M,-,-,M,S,S,S,M,S,S,M,S,S,M,M,S,-,M,S,S,M,S,S,S,S,S,S,S,-,-,S,S,S,-,S,S,M,S,M,S,M,S,M,M,S,M,M,-,M,S,S,M,M,-,M,-,-,M,S,-,S,S,M,S,S,S,M,S,-,M,M,M,-,S,S,-,M,M,-,-,M,S,-,-,-,-,-,-,-,-,-
E32M47.168,N6,20.9,S,-,S,S,S,M,M,S,S,S,S,S,-,S,S,-,M,S,S,S,S,S,M,M,S,S,M,S,S,-,M,S,S,M,S,S,S,M,S,S,S,-,-,S,S,S,-,S,S,S,S,M,S,M,S,M,M,S,M,M,-,M,S,S,-,M,S,S,-,-,M,M,S,S,S,M,S,S,S,M,S,-,M,M,M,-,S,S,S,S,M,S,S,S,M,-,-,-,-,-,-,-,-,-
E35M62.225,N6,23.4,S,-,S,S,S,M,M,-,S,S,S,S,-,S,S,-,M,S,S,S,S,S,M,M,S,S,M,S,S,-,S,-,S,S,S,S,S,M,S,S,S,-,-,S,S,S,-,S,S,S,S,M,-,M,S,M,M,S,M,M,-,M,S,S,M,M,S,S,-,-,M,M,S,S,S,M,S,S,S,M,S,-,M,M,M,-,S,S,S,S,M,S,S,S,M,-,-,-,-,-,-,-,-,-
E35M62.340,N6,24.6,S,-,S,S,S,M,M,S,S,S,S,S,-,S,S,-,M,S,S,S,S,S,M,M,S,S,M,S,S,-,S,-,S,S,S,S,S,M,S,S,M,-,-,S,S,S,-,S,S,S,S,M,-,M,S,M,M,S,M,M,-,M,S,S,M,M,S,S,-,-,M,M,S,S,S,M,S,S,S,M,S,-,M,M,M,-,S,S,S,S,M,S,S,S,M,-,-,-,-,-,-,-,-,-
*wg1g8c,N6,25.8,S,-,S,S,S,M,M,S,S,S,S,S,S,S,S,S,M,S,S,S,S,S,M,M,-,S,M,S,S,M,S,S,S,S,S,S,-,-,S,S,M,S,S,S,S,-,-,S,S,S,S,M,S,M,S,M,M,S,M,M,S,M,S,S,M,M,S,S,S,S,M,S,S,S,S,M,S,S,-,M,S,M,-,M,M,S,S,S,S,S,M,S,S,S,M,S,S,M,S,M,S,S,S,S
E32M62.75,N6,26.8,S,-,S,S,S,M,M,S,S,S,S,S,-,S,S,-,M,S,S,S,S,S,M,M,S,S,M,S,S,-,S,S,S,S,S,S,S,M,S,S,M,-,-,S,S,S,-,S,S,S,S,M,S,M,S,M,M,S,M,M,-,M,M,S,M,M,S,S,-,-,M,S,S,S,S,M,S,S,S,M,S,-,M,M,M,-,S,S,S,S,M,S,S,S,M,-,-,-,-,-,-,-,-,-
E32M49.473,N6,27.8,S,-,S,S,S,M,M,-,S,S,S,S,-,S,S,-,M,S,S,S,S,S,M,M,S,S,M,S,S,-,S,S,S,S,S,S,S,M,S,S,M,-,-,S,S,S,-,S,S,S,S,M,S,M,S,M,M,S,M,M,-,M,M,S,M,M,S,S,-,-,M,S,S,S,S,M,S,S,S,M,S,-,M,M,M,-,S,S,S,S,S,S,S,S,M,-,-,-,-,-,-,-,-,-
E32M59.330,N6,28.8,S,-,S,S,S,M,M,S,S,S,S,S,-,S,S,-,-,S,M,S,S,S,M,M,S,S,M,S,S,-,S,S,S,S,S,S,S,M,S,S,M,-,-,S,S,S,-,S,S,S,S,M,S,M,S,M,M,S,M,M,-,M,M,S,M,M,S,S,-,-,M,S,S,S,S,M,S,S,S,M,S,-,M,M,M,-,S,S,S,S,S,S,S,S,M,-,-,-,-,-,-,-,-,-
*wg7e10,N6,30.8,S,S,S,S,S,M,M,S,S,S,S,S,S,S,S,S,M,S,M,S,S,S,-,M,S,S,M,S,S,M,S,S,S,S,S,S,S,M,S,-,-,S,S,S,S,S,S,S,S,S,S,M,S,-,S,M,M,S,M,M,-,M,M,S,S,M,S,S,S,S,M,S,S,S,S,M,S,S,S,M,S,-,-,-,M,S,S,S,S,S,S,S,M,S,M,S,S,-,S,M,S,-,S,S
*wg6h1b,N6,32.8,S,S,S,S,S,M,M,S,S,S,S,S,S,M,S,S,M,S,-,S,S,S,-,M,S,S,M,S,S,M,S,S,S,S,S,S,S,M,S,S,M,S,S,S,S,S,S,S,S,M,S,M,S,M,S,M,M,S,M,M,-,M,M,S,S,M,S,S,S,S,M,S,S,S,S,M,S,S,S,M,S,M,M,M,M,S,S,S,S,S,S,S,M,S,M,S,S,M,S,M,S,-,S,S
*wg2c1,N6,37.5,S,S,S,S,M,M,M,S,-,S,S,S,-,M,M,S,-,-,-,S,S,S,-,M,S,S,S,S,S,M,S,S,S,S,S,S,S,M,S,-,-,S,S,S,S,S,S,-,S,M,S,M,S,M,S,M,M,-,M,M,S,M,M,S,S,M,S,S,S,S,M,-,S,S,-,M,S,S,S,-,S,-,-,-,S,S,S,S,S,S,S,S,M,S,M,S,S,-,S,-,-,S,S,S
*tg5h12,N6,39.8,S,S,S,S,M,-,-,-,S,S,S,S,S,M,M,S,M,S,M,S,-,S,-,M,S,S,S,S,S,M,S,S,S,S,S,S,S,M,S,-,M,S,S,S,S,S,S,M,S,-,S,M,S,S,S,M,M,S,M,S,S,M,M,S,S,M,S,S,S,S,M,S,S,S,S,M,S,S,S,M,S,M,-,-,S,S,S,S,S,S,S,S,M,S,M,S,S,M,S,M,S,S,S,S
*wg3b6,N6,41.8,S,S,S,S,M,M,M,S,S,S,S,S,S,M,M,S,M,S,M,S,S,M,M,M,S,S,S,S,S,M,S,S,S,S,S,S,S,M,S,S,M,S,S,S,S,S,S,M,S,M,S,M,S,S,S,M,M,S,M,S,S,M,M,S,S,M,S,S,S,S,M,S,S,S,S,M,S,S,S,M,S,-,M,M,S,-,S,S,S,S,S,S,M,S,S,S,S,-,S,M,S,S,S,S
*wg7d9a,N6,57.8,S,S,S,M,M,M,M,S,-,S,S,M,S,M,M,M,S,-,M,S,S,M,-,S,S,S,S,S,S,M,S,S,S,S,S,M,S,M,S,S,-,S,S,S,S,S,S,M,S,M,M,M,S,S,M,M,M,S,M,S,S,S,M,S,S,M,S,S,M,S,M,S,S,S,S,M,S,S,S,M,S,M,-,-,S,S,M,S,S,S,S,S,M,S,S,S,-,-,M,M,S,S,S,S
*wg1g3b,N6,59.1,-,-,S,M,M,-,-,-,S,S,S,M,S,M,M,M,S,S,M,S,S,M,-,S,S,S,S,S,S,M,S,S,S,S,S,M,S,M,S,S,S,S,S,S,S,S,S,M,S,-,M,M,S,S,M,-,M,S,M,S,S,S,M,S,S,S,S,S,M,S,M,S,S,S,S,M,S,S,-,M,S,M,-,M,S,S,M,S,S,S,S,S,M,-,S,S,M,-,M,M,S,-,S,S
*wg7h2,N7,0,S,-,M,S,M,M,-,M,S,M,S,S,S,M,M,M,S,S,M,M,M,M,S,M,M,M,S,S,M,S,M,S,M,M,S,M,-,S,M,S,-,S,S,M,S,-,-,S,S,S,-,-,S,S,S,M,S,S,S,S,S,M,S,M,S,M,S,-,S,S,M,S,S,S,M,M,M,-,-,S,S,S,-,M,M,S,S,S,M,-,S,M,S,M,S,M,-,S,M,-,M,-,M,M
*wg9d5,N7,12.8,S,M,S,S,M,M,S,M,-,M,M,S,M,M,-,M,S,-,-,M,M,M,-,M,M,M,M,S,S,S,M,S,M,S,S,M,S,S,M,S,S,M,S,M,S,-,M,S,-,S,M,M,S,S,S,M,S,M,S,S,S,M,S,M,S,M,S,S,S,S,M,-,S,S,M,-,-,S,S,S,M,S,M,M,M,S,S,S,M,-,S,M,S,M,S,M,M,S,M,S,M,M,M,M
E32M59.359,N7,27.1,S,-,S,S,M,S,S,-,S,M,M,M,-,M,M,-,-,S,M,S,M,M,S,-,M,S,M,S,S,-,-,S,M,S,S,M,S,S,M,S,S,-,-,M,S,S,-,S,S,S,-,M,S,M,M,M,S,M,S,M,-,M,S,M,S,M,S,S,-,-,M,M,S,S,M,M,-,S,S,S,M,-,S,M,M,-,S,S,S,S,S,M,S,M,S,-,-,-,-,-,-,-,-,-
E33M59.353,N7,40,S,-,S,S,M,S,S,M,S,M,M,S,-,M,M,-,S,M,M,S,M,M,S,M,M,S,M,S,S,-,M,S,M,S,S,M,M,S,M,S,S,-,-,M,S,S,-,S,S,S,M,M,S,-,M,M,M,M,M,M,-,M,M,M,S,M,S,S,-,-,M,M,S,S,S,M,S,M,S,S,M,-,S,M,M,-,S,S,S,S,S,M,S,S,S,-,-,-,-,-,-,-,-,-
E32M61.137,N7,57.1,S,-,S,S,M,S,S,M,M,M,M,S,-,M,M,-,S,M,M,S,M,M,M,M,M,S,M,M,S,-,M,S,M,S,S,M,M,S,M,S,S,-,-,M,S,S,-,S,M,M,M,M,S,M,M,M,M,M,M,-,-,M,M,M,M,M,S,M,-,-,M,M,M,S,S,M,S,M,M,-,M,-,M,M,M,-,S,M,S,S,S,M,M,S,S,-,-,-,-,-,-,-,-,-
*ec3h4,N7,59.6,S,M,S,S,M,S,S,M,M,M,M,S,M,M,M,-,S,M,M,S,-,M,M,M,M,S,M,M,S,M,M,S,M,S,S,M,M,S,M,S,S,M,-,M,S,S,-,S,M,M,-,M,M,M,M,M,M,M,M,M,-,M,M,M,M,M,S,M,-,-,M,M,M,S,S,M,S,M,M,S,M,-,M,S,M,-,S,M,S,S,S,M,M,S,S,M,M,S,M,M,S,M,M,M
*wg8g3,N7,69.9,S,-,S,S,M,S,S,S,M,M,M,S,M,M,M,M,S,M,M,-,M,M,-,-,-,-,M,-,-,-,-,-,M,S,-,M,-,-,-,-,-,-,S,-,S,-,S,S,-,-,M,M,M,-,M,M,M,-,-,S,M,-,M,S,M,-,S,M,S,M,S,M,M,S,S,S,S,M,M,S,M,-,-,S,M,S,S,M,S,S,-,M,M,-,S,-,S,-,M,M,S,M,S,-
*wg2a11,N7,71.1,-,-,-,-,-,S,S,S,M,M,M,S,M,M,M,M,S,M,M,S,M,M,M,M,M,S,M,M,S,M,M,S,M,S,S,M,M,S,M,S,S,M,S,M,S,M,-,S,M,M,S,M,M,M,M,M,M,M,M,-,M,M,M,S,M,M,S,M,S,M,S,M,M,S,S,S,S,M,-,S,M,M,-,S,M,S,S,M,S,S,-,M,M,S,S,M,S,S,M,M,S,M,S,M
*tg2b4,N7,72.2,S,M,S,S,M,S,S,S,M,M,M,S,M,M,M,M,S,M,M,S,M,M,M,M,M,S,M,M,S,M,M,S,M,S,S,M,M,S,M,S,S,M,S,M,S,M,S,S,M,M,S,M,M,M,M,M,M,M,M,-,M,M,M,S,M,M,S,M,S,M,M,M,M,S,S,S,S,M,M,S,M,M,-,S,M,S,S,M,S,S,M,M,M,S,S,M,S,S,M,M,S,M,S,M
E35M47.367,N7,74.2,S,-,S,S,M,S,S,S,M,M,M,S,-,M,M,-,S,M,M,S,M,M,M,M,M,S,M,M,S,-,M,S,M,S,S,M,M,S,M,S,M,-,-,M,S,M,-,S,M,M,S,M,M,M,M,M,M,M,M,S,-,M,M,S,M,M,S,M,-,-,S,M,M,S,S,S,S,M,M,S,M,-,M,S,M,-,S,M,S,S,M,M,M,S,S,-,-,-,-,-,-,-,-,-
*ec2e4b,N7,77.2,S,M,S,S,M,S,S,S,M,M,S,S,M,M,M,-,S,M,M,S,-,M,M,S,M,S,M,M,S,M,M,S,-,S,S,M,M,S,M,S,M,-,S,S,S,M,-,S,M,M,-,M,M,M,-,M,M,M,M,S,-,M,M,S,M,M,S,M,-,-,S,M,M,S,S,S,S,M,M,S,M,-,M,S,M,-,S,M,S,S,M,M,M,S,S,M,S,S,M,M,S,M,S,M
E32M47.512,N7,78.2,S,-,S,S,M,S,S,S,M,M,S,S,-,M,M,-,M,M,M,S,M,M,M,S,M,S,M,M,S,-,M,S,M,S,S,M,M,S,M,S,M,-,-,S,S,M,-,S,M,M,S,M,M,M,-,M,M,M,M,S,-,M,M,S,M,M,S,M,-,-,S,M,M,S,S,S,S,M,M,S,M,-,M,S,M,-,S,M,S,S,M,M,M,S,S,-,-,-,-,-,-,-,-,-
*ec2h2a,N7,78.7,S,M,S,S,M,S,S,S,M,M,-,S,M,M,M,-,M,M,M,S,-,M,M,S,M,S,M,M,S,M,M,S,M,S,S,M,M,S,M,S,M,M,S,S,S,M,-,S,M,M,-,M,M,M,M,M,M,M,M,-,-,M,M,S,M,M,S,M,-,-,S,M,M,S,S,S,S,M,M,S,M,-,M,S,M,-,S,M,-,S,M,M,M,S,S,M,S,S,M,M,S,M,S,M
*Lem,N7,79.2,S,M,S,S,M,S,S,S,M,M,S,S,M,M,M,M,M,M,M,S,M,M,M,S,M,S,M,M,S,M,M,S,M,S,S,M,M,S,M,S,M,M,S,S,S,M,S,S,M,M,S,M,M,M,M,M,M,M,M,M,M,M,M,S,M,M,S,M,S,M,S,M,M,S,S,S,S,M,M,S,M,M,M,S,M,S,S,M,S,S,M,M,M,S,S,M,S,S,M,M,S,M,S,M
*tg5d9a,N7,80.4,S,M,S,S,M,S,S,S,-,M,M,S,-,M,M,M,M,-,-,S,M,M,-,S,M,S,M,M,S,M,M,S,M,S,S,M,M,S,M,S,-,M,S,S,S,M,S,-,M,-,S,M,M,M,M,M,M,M,M,M,M,M,M,S,M,M,S,M,S,M,S,-,M,S,S,S,S,M,M,-,M,-,-,-,M,S,S,M,S,S,M,M,M,S,S,M,S,-,M,M,-,-,-,M
*wg7f5a,N7,82.3,-,-,-,S,M,-,-,-,-,-,-,-,-,-,M,-,-,M,-,-,M,M,-,-,-,-,-,M,-,-,M,-,-,S,-,-,-,-,-,S,-,-,-,-,-,-,-,-,M,M,S,M,-,M,M,-,M,M,M,-,M,-,-,-,M,M,S,-,-,-,-,-,-,-,-,-,-,-,-,-,-,-,-,-,M,-,S,-,S,-,-,M,-,-,-,-,-,-,M,M,-,-,-,-
*wg5a1a,N7,84.2,S,M,S,S,M,S,S,S,M,M,S,S,M,M,M,M,M,M,M,S,M,M,M,S,M,S,M,M,S,M,M,S,M,S,S,M,M,S,M,-,M,M,S,S,M,M,S,S,M,M,S,M,M,-,M,M,M,M,M,S,M,M,M,S,M,M,S,M,S,M,S,M,M,S,S,S,S,M,M,S,M,M,M,S,M,S,S,M,S,S,M,M,M,S,S,M,S,S,M,M,S,S,S,M
*ec3e12a,N7,87.4,S,M,S,S,M,M,S,S,M,M,S,S,M,M,M,M,M,M,M,S,-,M,M,S,M,S,M,M,S,M,M,S,M,S,S,M,M,S,M,S,M,M,M,S,M,M,S,S,M,M,-,M,M,M,M,M,M,M,M,S,-,M,M,S,M,M,S,M,-,-,S,M,M,S,S,S,S,M,M,S,M,-,M,S,M,-,S,M,S,S,M,M,M,S,S,M,S,-,M,M,S,M,S,M
*wg4b6b,N8,0,M,S,M,S,S,M,S,M,M,M,S,S,S,S,M,S,M,-,S,S,M,S,-,S,S,S,M,M,S,S,M,S,S,S,S,S,S,S,M,-,-,M,M,S,S,S,M,M,M,M,S,S,M,-,M,M,S,S,S,S,M,M,S,M,M,-,S,S,M,M,M,M,M,M,M,S,S,S,S,S,M,-,-,-,M,M,S,M,S,S,S,M,S,M,S,M,M,-,S,S,S,-,S,S
*wg6g9,N8,21.2,M,-,M,S,S,S,S,M,M,S,S,S,S,S,M,S,M,M,M,M,M,M,S,M,M,S,M,M,-,S,M,S,S,S,S,-,S,S,M,S,M,M,M,S,S,-,-,M,M,S,M,S,M,M,M,M,S,S,S,S,M,M,S,M,M,M,S,S,M,S,S,M,M,M,M,S,S,-,-,M,M,M,S,S,M,M,S,M,S,S,S,M,S,M,S,M,M,S,S,M,M,S,S,M
E33M59.147,N8,23.3,M,-,M,S,S,S,S,M,M,S,S,S,-,S,M,-,M,M,M,M,M,M,S,M,M,S,M,M,S,-,M,S,S,S,S,S,S,S,M,S,M,-,-,S,S,S,-,M,M,S,S,S,M,M,M,M,S,S,S,S,-,M,S,M,M,M,S,S,-,-,S,M,-,M,M,S,S,S,S,M,M,-,M,S,M,-,S,M,S,S,S,M,S,M,S,-,-,-,-,-,-,-,-,-
*eru1,N8,24.3,-,M,M,-,S,S,S,M,M,S,S,S,S,S,M,-,M,M,M,M,M,M,S,M,M,S,M,M,S,S,M,S,S,S,S,S,-,S,M,-,-,M,M,S,S,S,-,M,M,S,M,S,M,M,M,M,S,S,S,S,M,M,S,M,M,M,S,S,-,-,S,M,M,M,M,S,S,S,S,M,M,M,M,S,M,M,S,M,S,S,S,M,S,M,S,M,M,-,S,-,M,S,S,M
*ec4h3,N8,25.3,M,M,M,S,S,S,S,M,M,S,S,S,S,S,M,-,M,M,M,M,M,M,S,M,M,S,M,M,S,S,M,S,S,S,S,S,S,S,M,S,M,M,S,S,S,S,-,M,M,S,M,S,M,M,M,M,-,S,-,S,-,M,S,M,M,M,S,S,-,-,S,M,M,M,M,S,S,S,S,M,M,-,M,S,M,M,S,-,S,S,S,M,S,M,S,M,M,S,S,M,M,S,S,M
E33M62.99,N8,27.6,M,-,M,S,S,S,S,M,M,S,S,S,-,S,M,-,M,M,M,M,M,M,S,M,M,S,M,M,S,-,M,S,S,S,S,S,S,S,M,S,M,-,-,S,S,S,-,M,M,S,M,S,M,M,S,M,S,S,S,S,-,M,S,M,M,M,S,S,-,-,S,M,M,M,M,S,M,S,S,M,M,-,M,S,M,-,S,M,S,S,S,M,S,M,S,-,-,-,-,-,-,-,-,-
E38M50.157,N8,29.9,M,-,M,S,S,-,S,M,S,S,S,S,-,S,M,-,M,M,M,M,M,M,S,M,M,S,M,M,S,-,M,S,S,S,S,S,S,S,M,S,M,-,-,S,S,S,-,M,M,S,M,S,M,M,S,M,S,S,S,S,-,M,S,M,-,M,S,S,-,-,S,M,M,M,M,S,M,S,S,M,M,-,M,S,M,-,S,-,M,S,S,M,S,M,S,-,-,-,-,-,-,-,-,-
*wg6d9,N8,39.7,S,S,M,S,S,S,S,S,-,S,S,S,S,S,M,S,M,-,M,M,M,M,M,M,M,S,M,M,S,S,M,S,-,S,S,S,S,S,S,-,-,M,S,S,S,S,-,M,M,S,M,S,M,-,S,M,S,S,S,S,M,M,S,M,M,M,S,S,M,S,S,M,M,M,M,S,M,S,S,-,-,-,-,-,S,M,-,M,S,S,S,M,S,S,S,-,-,-,S,M,M,-,S,M
E33M60.50,N9,0,M,-,M,M,M,M,M,M,M,M,S,M,-,M,S,-,S,M,S,M,M,M,M,M,M,M,S,S,M,-,M,M,S,M,M,M,M,M,M,M,M,-,-,M,S,M,-,M,M,S,-,M,-,M,-,M,M,M,M,M,-,M,M,M,M,M,M,M,-,-,S,S,M,S,M,M,M,M,M,M,M,-,M,M,M,-,S,S,M,M,M,M,M,M,S,-,-,-,-,-,-,-,-,-
*wg4h5a,N9,12.3,M,-,M,M,M,M,M,M,M,M,M,M,S,M,M,M,S,M,S,M,M,M,M,M,M,M,S,S,M,M,M,M,S,S,M,M,M,M,M,-,M,M,S,M,M,M,M,M,M,S,M,M,S,-,M,M,M,-,-,M,S,-,M,M,M,M,M,M,M,M,M,M,M,M,M,M,M,M,-,M,M,M,-,M,S,M,S,S,M,M,M,M,M,M,S,M,S,-,M,M,M,S,S,M
*wg3h8,N9,17.5,M,-,M,M,M,M,M,M,M,M,M,M,S,M,M,M,M,M,S,M,M,M,M,M,M,M,M,S,M,M,M,M,S,S,M,-,M,S,M,M,-,M,S,M,M,-,-,M,M,S,M,M,S,M,M,M,M,S,M,M,S,M,M,M,M,M,M,M,M,M,M,M,M,M,M,M,M,M,-,M,M,M,-,M,S,M,S,S,M,M,M,M,M,M,M,M,-,-,M,-,M,S,S,M
*ec3d3a,N9,18.7,-,M,M,M,M,M,M,M,M,M,M,M,S,M,M,-,M,M,S,M,M,M,M,M,M,M,M,S,M,M,M,M,S,-,M,M,M,S,M,M,M,-,M,M,M,M,-,M,M,S,M,M,S,-,-,M,M,S,M,M,-,M,M,M,M,M,M,M,-,-,M,M,M,M,M,M,M,M,M,M,M,-,M,M,S,M,S,S,M,M,M,M,M,M,M,-,-,M,-,M,M,S,S,M
*ec2c7,N9,19.8,-,M,M,M,M,M,M,M,M,M,M,S,S,M,M,-,M,M,S,M,M,M,M,M,M,M,M,S,M,M,M,M,S,S,M,M,M,S,M,M,M,M,M,M,M,M,-,-,M,S,M,M,S,M,M,M,-,S,M,M,-,M,M,-,M,M,M,M,-,-,M,M,M,M,M,M,M,M,M,M,-,-,M,M,S,-,S,S,M,-,M,M,M,-,M,M,M,M,M,M,M,S,S,M
*wg4d11,N9,26,-,M,S,S,M,M,M,M,-,M,M,S,-,M,M,M,-,-,-,M,M,M,-,-,M,M,M,S,M,M,M,S,S,S,M,M,M,S,M,M,M,M,S,M,M,M,M,M,M,S,M,M,S,M,M,M,M,S,M,M,S,S,M,M,M,M,M,M,M,M,M,M,M,M,M,M,M,M,M,-,M,M,-,M,S,M,S,S,M,M,M,M,S,M,M,M,M,-,M,M,M,-,S,M
*tg1h12,N9,27.1,M,M,S,S,M,M,M,M,-,M,M,-,-,M,M,M,M,M,-,M,M,M,-,-,M,M,M,S,M,M,M,S,S,-,M,M,M,S,M,M,M,M,S,M,M,M,M,M,M,S,M,M,S,M,M,M,M,S,M,M,-,S,M,M,M,M,M,M,M,M,M,M,M,M,M,M,M,M,M,-,M,M,-,M,S,M,S,S,M,M,M,S,S,M,M,M,M,-,M,M,M,S,S,M
*ec2e5b,N9,29.6,M,M,S,S,M,M,M,M,M,M,-,-,-,-,-,-,M,S,S,M,M,M,M,M,M,M,M,S,M,M,M,S,S,-,-,M,M,S,M,M,M,M,-,M,M,S,-,M,M,S,M,M,S,M,M,M,M,S,M,M,-,S,M,M,M,M,M,M,-,-,M,M,M,M,M,M,M,M,M,M,-,-,M,M,S,M,S,S,-,-,M,S,S,M,M,M,M,M,M,M,M,S,S,M
E38M62.461,N9,31.2,M,-,S,S,M,S,M,M,M,M,M,S,-,M,-,-,M,S,S,-,M,M,M,M,M,M,M,S,M,-,M,S,S,S,M,M,M,S,M,M,M,-,-,M,M,S,-,M,M,S,M,M,S,M,M,M,M,S,M,M,-,S,M,M,M,M,M,M,-,-,M,M,M,M,M,M,M,M,M,M,M,-,M,M,S,-,S,S,M,M,M,S,S,M,M,-,-,-,-,-,-,-,-,-
*wg3f7a,N9,36.1,M,M,S,S,M,S,M,M,M,M,M,S,S,M,M,M,M,S,S,M,M,M,M,M,M,M,M,S,S,M,M,S,S,S,M,S,M,S,M,M,M,S,S,M,M,S,S,M,M,S,M,M,S,M,M,S,M,S,M,-,M,S,M,M,M,M,M,M,M,M,M,M,M,M,M,M,M,M,M,M,M,-,M,M,S,M,S,S,M,M,M,S,S,M,M,M,M,M,M,M,M,S,-,M
E35M60.312,N9,37.4,M,-,S,S,M,S,M,M,M,M,M,S,-,M,M,-,M,S,S,M,M,M,M,M,M,M,M,S,S,-,M,S,S,S,M,S,M,-,M,M,M,-,-,M,M,S,-,M,M,S,M,S,S,M,-,-,M,S,M,M,-,S,M,M,M,M,M,M,-,-,M,M,M,M,M,M,M,M,M,M,M,-,M,M,S,-,S,S,M,M,M,S,S,M,M,-,-,-,-,-,-,-,-,-
E38M62.189,N10,0,S,-,M,M,M,M,M,S,S,M,M,S,-,S,-,-,S,M,S,S,M,M,S,S,M,S,S,M,M,-,M,M,M,M,M,M,M,M,S,S,S,-,-,S,S,M,-,S,S,M,M,M,M,M,M,S,M,M,S,S,-,M,-,S,S,M,M,M,-,-,M,S,S,S,M,M,M,S,S,-,M,-,S,M,M,-,S,M,M,M,S,M,M,M,M,-,-,-,-,-,-,-,-,-
*tg3c1,N10,2.6,M,S,M,M,M,M,M,-,-,M,M,S,M,S,M,S,S,M,S,S,M,M,S,S,M,S,S,M,M,-,M,M,M,M,M,M,M,M,S,-,-,M,S,S,S,M,S,S,S,-,M,M,M,M,M,S,M,M,S,S,-,M,M,S,S,M,M,M,S,M,M,S,S,S,M,M,M,S,S,M,M,-,-,-,M,M,S,M,M,M,S,M,M,S,M,M,M,-,M,S,M,M,S,M
*ec3d3b,N10,4.9,M,S,M,M,M,M,M,S,S,M,M,S,M,S,M,-,S,M,M,S,M,M,S,S,M,S,S,M,M,S,M,M,M,M,M,-,M,M,S,S,S,M,-,S,S,M,-,S,S,M,M,M,M,M,M,S,M,M,S,S,-,M,M,S,S,M,M,M,-,-,M,S,S,S,M,M,M,S,S,M,M,-,S,M,M,-,S,M,-,M,S,M,M,S,M,-,-,S,-,M,M,M,-,M
E33M49.175,N10,7.5,M,-,M,M,M,M,M,S,S,M,M,S,-,S,M,-,S,M,M,S,M,M,S,S,M,S,S,M,M,-,M,M,M,M,M,M,M,M,S,S,S,-,-,S,S,M,-,S,S,M,-,M,M,M,M,S,M,M,S,S,-,M,-,S,S,M,M,M,-,-,M,S,S,M,S,M,M,S,S,M,M,-,S,M,M,-,S,M,M,M,S,M,M,S,M,-,-,-,-,-,-,-,-,-
E33M48.268,N10,10.1,M,-,M,M,M,M,M,S,S,M,M,M,-,S,M,-,S,M,M,S,M,M,S,S,M,S,S,M,M,-,M,M,M,M,M,M,M,M,S,S,S,-,-,S,S,M,-,S,S,M,M,M,M,M,M,S,M,M,S,S,-,M,M,S,S,M,-,M,-,-,S,S,S,M,S,M,M,S,S,M,M,-,S,M,M,-,S,M,M,M,S,M,M,S,M,-,-,-,-,-,-,-,-,-
E35M62.80,N10,11.4,M,-,S,M,M,M,M,S,S,-,M,M,-,S,M,-,S,M,M,S,M,M,S,S,M,S,S,M,M,-,M,-,M,M,M,M,M,M,S,S,S,-,-,S,S,M,-,S,S,M,M,M,-,M,M,S,M,M,S,S,-,M,M,-,S,M,M,M,-,-,S,S,S,M,S,M,M,S,S,M,M,-,S,M,M,-,S,M,M,M,S,M,M,S,M,-,-,-,-,-,-,-,-,-
E35M48.143,N10,13.9,M,-,S,M,M,M,M,S,S,M,M,M,-,S,-,-,S,M,M,S,M,M,S,S,M,S,S,M,M,-,M,M,M,M,M,M,M,M,S,M,S,-,-,S,S,M,-,S,S,M,M,M,M,M,M,S,M,M,S,S,-,M,M,S,S,M,M,M,-,-,S,S,M,M,S,M,M,S,S,M,M,-,S,M,M,-,S,M,M,M,S,M,M,S,M,-,-,-,-,-,-,-,-,-
*wg1g4a,N10,16.9,M,-,S,M,M,M,M,-,S,M,M,M,M,S,M,S,S,M,M,S,M,M,S,S,M,S,S,M,S,S,-,M,M,M,M,M,-,-,S,M,S,-,S,S,S,-,-,S,S,-,-,M,-,M,M,S,M,M,S,S,S,M,M,S,S,M,M,-,S,M,S,S,M,-,S,M,M,-,-,-,M,S,-,M,M,M,S,M,M,M,S,M,M,S,M,S,-,S,M,M,S,M,S,M
E33M47.182b,N10,21.7,-,-,S,M,M,M,M,S,S,M,M,M,-,S,M,-,S,M,M,S,-,M,S,S,M,S,S,M,S,-,M,M,M,M,M,M,S,M,S,M,S,-,-,S,-,S,-,S,S,M,M,M,M,S,M,S,M,M,S,S,-,M,M,S,S,M,M,M,-,-,S,S,M,M,S,M,M,S,S,M,S,-,S,M,M,-,S,M,M,M,S,M,M,S,M,-,-,-,-,-,-,-,-,-
E38M50.119,N10,29.3,-,-,S,M,M,-,M,S,S,S,M,M,-,S,M,-,S,M,M,S,S,M,S,S,M,M,S,S,S,-,M,M,M,S,M,M,M,M,S,M,S,-,-,S,S,S,-,S,S,M,-,M,M,S,M,S,M,M,S,S,-,M,M,S,-,M,M,M,-,-,S,S,M,M,S,M,M,S,S,M,S,-,S,M,M,-,S,-,M,M,S,M,M,S,M,-,-,-,-,-,-,-,-,-
*wg7b3,N10,30.8,M,S,S,M,M,M,M,-,-,S,-,-,-,S,S,-,S,-,M,S,S,-,S,S,-,-,S,S,S,S,M,M,-,S,-,-,-,M,-,-,-,S,S,S,S,S,S,S,S,M,M,M,M,S,M,S,M,M,S,S,-,M,M,S,S,M,M,M,S,M,S,-,M,M,S,M,M,S,-,M,S,S,-,-,M,M,S,M,M,M,S,M,M,-,M,M,S,-,M,M,S,M,S,-
E33M59.64,N10,40.3,M,-,S,M,M,M,M,S,S,S,M,M,-,M,S,-,S,M,M,S,S,M,S,S,M,M,S,S,S,-,M,M,M,S,M,M,M,M,M,M,S,-,-,S,S,S,-,S,S,M,M,M,S,S,M,S,M,M,S,S,-,M,M,M,S,M,S,M,-,-,S,S,M,M,S,M,M,S,S,M,S,-,S,M,M,-,S,S,M,M,S,M,M,S,M,-,-,-,-,-,-,-,-,-
*ec3g3c,N10,50.9,M,S,S,M,M,M,M,S,S,S,S,M,S,M,S,-,S,M,S,M,-,M,-,S,M,M,S,S,S,M,M,M,M,S,M,M,M,M,M,M,S,S,S,S,M,S,-,-,S,M,-,M,S,S,M,S,M,M,S,S,-,M,M,M,S,M,S,M,-,-,-,-,M,M,-,S,M,S,M,M,S,-,S,M,M,M,S,S,M,M,S,M,M,S,M,M,S,S,M,S,S,S,M,S
*ec2h2b,N10,68.8,M,S,S,M,M,M,M,M,S,S,-,M,S,M,S,-,S,M,S,M,-,M,S,S,M,M,M,S,S,M,M,M,S,S,S,S,M,M,M,S,S,S,S,S,M,S,-,S,S,M,-,M,S,S,M,S,M,S,S,S,-,M,M,M,S,M,S,S,-,-,M,S,S,M,S,S,M,S,M,S,S,-,S,S,M,M,M,S,-,M,S,M,M,M,S,M,S,S,M,S,S,S,M,S
E32M48.212,N10,71.3,M,-,S,M,M,M,M,M,S,S,S,M,-,M,S,-,S,M,S,M,S,M,S,S,M,M,M,S,S,-,M,M,S,S,S,S,M,M,M,S,S,-,-,S,M,S,-,S,M,S,M,M,S,S,M,S,M,S,-,S,-,M,M,M,S,M,S,S,-,-,M,S,S,M,S,S,M,S,M,S,S,-,S,S,M,-,M,S,M,M,S,M,M,M,S,-,-,-,-,-,-,-,-,-
*wg1g5b,N11,0,M,S,M,S,S,M,M,M,M,S,M,S,M,M,M,M,S,-,-,S,S,M,M,M,M,M,M,M,S,M,M,M,M,S,S,M,S,M,M,-,-,S,S,S,M,M,M,M,M,M,S,M,M,M,-,S,M,M,M,S,M,M,M,M,M,M,M,M,S,M,M,M,S,S,M,M,S,M,S,M,S,-,-,S,M,S,M,M,M,M,S,M,M,M,S,S,S,-,S,S,S,-,S,M
*tg6c3b,N11,4.4,-,-,M,S,S,M,M,M,M,M,M,S,M,M,M,M,S,S,S,S,S,M,M,M,M,M,M,M,S,S,M,M,M,S,S,-,-,-,M,S,-,S,S,S,M,-,-,M,M,-,S,M,-,M,S,S,M,M,M,S,M,M,M,M,M,M,M,M,S,M,M,M,S,S,M,M,S,-,-,M,S,M,-,S,-,S,M,M,M,-,S,-,M,M,S,S,-,M,S,S,S,-,M,M
*ec5a1,N11,5.4,-,S,M,S,S,M,M,M,M,M,M,S,M,M,M,-,M,S,S,S,S,M,M,M,M,M,M,M,S,S,M,M,M,-,S,M,M,M,M,S,M,S,S,S,M,M,-,-,M,M,S,M,M,M,S,-,-,-,M,S,-,M,M,-,M,-,M,M,-,-,M,M,S,S,M,M,S,M,S,M,-,-,M,S,M,S,M,-,M,-,S,M,M,M,S,S,S,M,S,S,S,M,M,M
*wg6f3,N11,6.5,M,S,M,S,S,M,M,M,-,M,M,S,M,M,M,M,S,S,S,S,S,-,-,M,M,M,M,M,S,S,M,M,M,S,S,M,M,M,M,-,-,S,S,S,M,M,M,M,M,M,S,M,M,-,S,S,M,M,M,S,M,M,M,M,M,M,M,M,S,M,M,-,S,S,M,M,S,M,S,M,S,-,-,-,M,S,M,M,M,M,S,M,M,M,S,S,S,-,S,S,S,M,M,M
E32M62.115,N11,40.8,S,-,M,S,S,M,M,M,M,M,S,S,-,M,M,-,S,S,S,S,S,M,M,S,M,M,M,S,S,-,M,M,M,S,S,M,M,S,S,S,M,-,-,S,M,S,-,M,M,M,S,M,M,M,S,M,M,M,M,M,-,M,M,M,M,M,S,M,-,-,M,M,S,S,M,S,S,S,M,M,S,-,S,M,M,-,S,M,M,M,S,S,S,S,S,-,-,-,-,-,-,-,-,-
E33M62.250,N11,44.8,S,-,M,S,S,M,M,M,M,M,S,S,-,M,M,-,S,S,S,S,S,M,M,S,S,M,M,S,S,-,M,M,M,S,S,M,M,S,S,S,M,-,-,S,M,S,-,M,M,S,S,M,M,M,S,M,M,M,M,M,-,M,M,M,M,M,S,M,-,-,M,M,S,S,M,S,S,S,M,M,S,-,S,M,S,-,S,M,M,M,S,S,S,S,S,-,-,-,-,-,-,-,-,-
E32M62.186,N11,47.4,S,-,M,S,S,M,M,M,M,M,M,S,-,M,M,-,S,S,S,-,S,M,M,S,S,M,M,S,S,-,M,M,M,S,S,M,M,S,S,S,M,-,-,S,M,S,-,S,M,S,S,M,M,M,S,M,M,M,M,M,-,M,M,M,M,M,S,M,-,-,-,M,S,S,M,S,S,S,M,-,S,-,S,M,S,-,S,M,-,M,S,S,S,S,S,-,-,-,-,-,-,-,-,-
*wg2b7,N11,54.3,S,S,M,S,S,S,M,M,M,M,M,M,M,M,M,S,S,S,S,S,-,M,M,S,S,M,M,S,S,S,S,M,S,S,S,M,M,S,S,S,M,M,S,S,M,S,M,S,M,S,S,M,M,M,S,M,M,M,M,M,S,S,M,M,M,M,S,M,-,M,M,M,S,S,M,S,S,S,M,M,S,S,-,M,S,S,S,M,M,M,S,S,S,S,S,M,S,S,S,M,M,S,M,M
*wg8h5,N11,57.8,M,-,M,S,S,S,M,M,-,M,M,M,-,M,S,S,-,-,-,-,S,M,M,-,S,M,M,S,S,S,-,M,S,S,S,M,M,S,S,-,-,M,S,S,M,-,M,-,-,-,S,M,M,M,S,M,M,M,M,M,S,S,M,M,M,M,S,M,S,M,M,M,S,S,M,S,S,-,M,M,S,S,-,-,S,S,S,M,M,M,S,S,S,S,M,M,S,-,S,M,M,S,M,M
*wg3h4,N11,69.7,M,M,M,M,S,S,S,-,M,M,M,M,S,M,S,S,S,S,S,S,S,M,M,S,S,M,M,S,S,S,S,-,-,S,-,M,M,S,S,-,M,M,S,S,M,S,M,-,M,M,S,M,M,-,S,M,M,-,S,M,S,S,M,M,-,M,S,M,S,M,M,M,S,S,M,S,S,S,-,S,S,-,-,-,S,S,S,M,S,S,S,S,S,S,M,M,S,-,S,M,M,S,M,S
*tg2h10a,N12,0,M,-,M,M,M,S,S,M,S,S,S,S,M,S,M,M,S,M,S,M,S,M,S,M,M,M,S,S,S,S,S,M,S,M,S,S,S,M,M,M,M,S,M,M,S,M,S,S,M,S,M,S,-,M,M,M,S,S,M,S,M,M,S,-,S,M,M,M,M,S,M,M,S,M,M,M,S,S,-,S,S,M,-,S,S,M,M,S,S,S,S,S,S,S,S,M,-,M,-,M,M,S,-,M
*tg5e11a,N12,5.7,S,-,M,M,M,S,S,-,S,S,S,S,-,S,M,S,-,M,-,M,S,M,-,M,S,-,S,S,S,S,-,M,S,M,S,S,S,M,M,-,-,S,M,M,S,M,S,-,-,S,M,S,-,S,M,M,-,S,M,S,M,M,S,S,S,M,M,M,M,S,M,M,S,M,M,M,S,S,S,-,S,-,-,-,S,M,M,S,S,S,S,S,S,S,S,S,S,-,S,M,M,-,M,M
E32M50.90,N12,9.7,S,-,M,M,M,S,S,-,S,S,S,S,-,S,M,-,S,M,S,M,S,M,S,M,S,M,S,S,S,-,S,M,S,M,S,S,S,M,M,M,M,-,-,M,S,M,-,S,M,S,M,S,S,S,M,M,S,S,M,M,-,M,S,S,S,M,S,M,-,-,M,M,S,M,M,M,S,S,S,S,S,-,M,S,S,-,M,S,S,S,S,S,M,S,S,-,-,-,-,-,-,-,-,-
*ec2d1b,N12,13.8,S,M,M,M,M,S,S,M,S,S,S,S,M,S,M,-,M,M,S,M,-,M,S,M,S,M,S,S,S,S,S,M,S,M,S,S,S,M,M,S,M,S,M,M,S,M,-,S,M,S,-,S,S,S,M,M,S,M,M,M,-,M,S,S,S,M,S,M,-,-,M,M,S,M,M,M,S,S,S,S,S,-,M,S,S,S,M,S,S,S,S,S,M,S,S,S,S,M,S,M,M,S,M,M
E32M50.77,N12,35.6,S,-,M,M,S,S,S,M,S,S,S,S,-,M,M,-,M,M,S,M,M,M,S,M,S,S,S,S,S,-,S,M,M,M,S,S,S,M,M,S,M,-,-,M,-,M,-,S,M,S,M,S,S,S,M,-,M,M,M,M,-,M,M,S,S,M,S,M,-,-,S,M,S,M,M,S,M,-,S,S,M,-,S,S,S,-,S,S,S,S,S,S,M,S,S,-,-,-,-,-,-,-,-,-
*wg1g4c,N12,64.8,S,-,M,S,S,S,S,M,S,S,S,S,M,M,M,S,M,-,S,S,M,M,S,M,S,S,M,S,-,S,M,M,M,S,S,S,M,M,S,S,M,M,M,S,S,-,-,S,S,S,M,S,M,S,M,S,M,M,M,M,S,M,M,S,M,S,S,-,M,M,S,S,M,-,M,S,M,M,-,S,M,S,-,S,S,S,S,S,S,-,M,S,M,S,S,S,S,S,M,M,M,M,S,M
*wg8g1a,N12,73.6,S,-,S,S,S,S,S,M,S,S,S,S,-,M,M,S,-,-,-,S,M,M,-,-,S,S,M,S,S,S,M,S,M,S,M,S,M,M,S,-,-,M,M,S,S,S,M,-,-,-,M,S,M,S,M,S,M,M,M,M,S,M,M,S,M,S,S,M,S,M,S,S,M,M,M,S,M,M,S,-,M,S,-,S,S,S,S,S,S,S,M,M,M,S,S,S,M,-,M,M,M,-,S,M
*wg2c3,N12,77.1,S,S,S,S,S,S,S,M,-,S,S,S,M,M,M,S,M,M,S,S,M,M,S,M,S,S,M,S,S,S,M,S,M,S,M,S,M,M,S,-,M,M,M,S,S,S,M,M,S,S,M,S,M,S,M,S,M,M,M,M,S,M,M,M,M,S,M,M,S,M,S,S,M,M,M,S,M,M,S,S,M,S,-,S,S,S,S,S,S,S,M,M,M,S,S,S,M,S,M,M,S,S,S,M
*wg7f3b,N12,79.4,M,-,S,S,S,M,S,M,S,S,S,S,M,M,M,S,M,M,S,S,M,M,S,M,S,S,M,S,S,S,M,S,M,S,M,S,-,-,S,S,-,M,-,S,S,S,-,M,S,S,M,S,M,S,M,S,M,M,M,M,S,M,M,M,M,S,M,M,S,M,S,S,M,-,M,S,M,-,-,S,M,S,-,S,S,S,S,S,S,-,M,M,M,S,S,S,-,S,M,-,S,S,S,M
*wg4h1,N12,81.4,M,-,S,S,S,-,-,-,-,S,S,S,M,M,M,S,M,-,S,S,M,M,S,M,S,S,M,M,S,S,M,-,M,S,M,S,M,M,-,-,-,M,M,S,S,S,M,M,S,-,M,S,M,-,M,-,M,-,M,M,S,M,M,M,-,-,M,M,S,M,S,S,M,M,M,S,M,M,-,S,M,-,-,-,-,-,S,S,S,S,M,M,M,-,S,S,M,-,M,M,S,-,S,M
*ec4e7b,N12,90.2,M,S,S,S,S,M,S,M,M,S,S,S,M,M,M,-,M,M,S,S,-,M,S,M,S,S,M,M,S,S,M,S,M,S,M,-,M,S,S,S,M,M,S,S,S,S,-,M,S,S,-,S,S,S,M,S,M,M,S,M,-,M,M,M,S,S,M,M,-,-,S,S,M,M,M,S,M,M,M,S,M,-,M,S,S,-,S,S,S,S,M,M,M,S,S,S,M,M,M,M,S,S,S,M
*wg5a6,N12,91.5,M,S,S,S,S,M,S,M,-,S,S,S,M,M,M,S,M,M,S,S,M,M,S,M,S,S,M,M,S,S,M,S,M,S,M,S,M,S,S,S,-,M,M,S,S,S,M,M,S,S,M,S,S,-,M,S,M,M,S,M,S,M,M,M,S,S,M,M,S,M,S,S,M,M,M,S,M,M,M,S,M,M,-,S,S,S,S,S,S,S,M,M,M,S,S,S,M,M,M,M,S,S,S,M
*ec2c12,N12,97.2,M,S,S,S,S,M,S,M,-,S,S,S,-,M,M,-,-,-,-,S,M,M,S,M,S,S,M,M,M,S,-,S,M,-,M,S,S,S,S,S,-,M,M,S,S,S,-,-,-,S,S,M,S,S,M,S,M,M,S,M,S,M,M,M,S,S,M,M,-,-,S,-,M,M,M,S,M,M,M,-,M,-,S,-,S,S,S,S,S,S,M,M,M,S,S,S,M,-,M,M,S,-,S,M
*wg2d11a,N12,105.3,M,-,S,S,S,M,S,M,M,S,S,S,M,M,M,S,M,M,S,S,M,M,S,M,S,S,M,S,M,S,M,M,M,S,M,S,S,S,S,-,-,S,M,S,S,M,M,M,S,S,S,M,S,-,M,S,M,M,S,M,S,M,M,M,S,S,M,M,S,S,S,S,M,M,M,S,M,S,-,S,M,M,-,S,S,S,S,S,S,S,M,M,M,S,M,S,M,-,M,M,S,-,S,M
*ec2e12a,N12,110.3,M,S,S,S,S,M,M,M,M,S,S,S,M,M,M,-,M,M,S,S,-,M,S,S,S,S,M,S,M,-,M,M,-,-,-,-,S,S,S,S,M,S,M,S,S,M,-,M,S,M,-,M,S,S,M,S,M,M,S,M,-,M,M,M,S,S,M,M,-,-,S,S,M,M,M,S,M,S,M,S,M,-,M,S,S,-,S,S,S,M,M,M,M,S,M,S,M,M,M,M,S,M,S,M
*wg7a8a,N12,121.7,-,S,S,S,S,-,M,M,-,S,S,-,-,M,M,S,-,-,-,S,M,M,-,-,S,S,-,S,-,-,-,-,M,S,-,S,S,S,S,S,-,S,S,-,S,-,-,-,S,-,S,M,-,-,M,S,M,M,S,M,S,S,M,M,S,S,M,M,S,S,S,M,M,S,S,S,M,S,M,-,M,-,-,S,S,S,M,-,S,M,M,M,-,S,-,-,S,-,M,-,-,M,S,-
*isoLap,N13,0,S,S,M,-,M,S,M,-,M,S,S,S,S,S,S,-,M,S,M,M,M,-,S,-,S,S,-,M,M,S,S,S,M,-,M,M,S,S,M,-,M,S,-,M,M,-,-,S,M,S,M,S,M,S,S,M,M,M,M,S,S,-,S,M,M,S,M,S,-,-,-,M,-,S,M,-,M,-,M,S,M,M,M,S,M,M,M,S,S,S,M,M,S,S,S,-,S,-,M,-,-,M,M,S
E33M62.176,N13,1.3,S,-,M,S,M,S,M,M,M,S,S,S,-,S,S,-,M,S,M,M,M,S,S,S,S,S,M,M,M,-,S,S,M,M,M,M,S,S,M,M,M,-,-,M,M,S,-,S,M,S,M,S,M,S,S,M,M,M,M,S,-,M,S,M,M,S,M,S,-,-,S,M,M,S,M,S,S,M,M,S,M,-,M,S,M,-,M,S,S,S,M,M,S,S,S,-,-,-,-,-,-,-,-,-
E35M48.84,N13,7.3,S,-,M,S,M,S,M,M,M,M,S,S,-,S,-,-,M,S,M,M,M,S,S,M,S,S,M,M,M,-,S,S,M,S,M,M,S,S,M,M,M,-,-,M,M,S,-,S,M,S,M,S,M,S,S,M,M,M,M,S,-,M,S,M,M,S,S,S,-,-,S,M,M,M,M,S,S,M,M,-,M,-,M,S,M,-,M,S,S,S,M,M,S,S,S,-,-,-,-,-,-,-,-,-
E33M49.293,N13,9.6,S,-,-,S,M,S,M,M,M,M,S,S,-,M,S,-,M,S,M,M,M,S,S,M,S,S,M,M,M,-,S,S,M,S,M,M,S,S,M,M,M,-,-,M,M,S,-,S,M,S,M,S,M,S,S,M,M,M,M,-,-,M,S,M,M,S,S,S,-,-,M,M,M,M,M,S,S,M,M,S,M,-,M,S,M,-,M,S,S,S,M,M,S,S,S,-,-,-,-,-,-,-,-,-
E35M62.136,N13,12.1,-,-,M,S,M,S,M,M,M,M,S,S,-,M,S,-,M,S,M,M,M,S,S,M,S,S,M,M,S,-,S,-,M,S,M,M,S,S,M,M,M,-,-,M,M,S,-,S,M,S,M,S,-,S,S,M,M,M,M,S,-,M,S,M,M,S,S,S,-,-,M,M,M,M,M,S,S,M,M,S,M,-,M,S,M,-,S,S,S,S,M,M,S,S,S,-,-,-,-,-,-,-,-,-
*eru2,N13,26,-,S,M,-,S,S,M,M,M,M,S,S,S,M,-,-,M,S,M,M,M,M,S,M,S,S,M,M,S,S,M,S,M,S,M,M,-,S,M,-,-,S,-,M,M,S,-,S,M,S,M,S,M,M,S,M,M,M,S,S,S,M,S,M,M,S,S,S,-,-,M,M,M,M,S,S,S,M,S,S,M,M,M,S,M,M,S,S,S,S,M,M,S,S,M,S,M,-,M,-,S,M,M,S
E38M50.186,N13,27.3,M,-,M,S,S,-,M,M,M,M,S,S,-,M,S,-,M,S,M,M,M,M,S,M,S,S,M,M,S,-,M,S,M,S,M,M,S,M,M,S,S,-,-,M,M,S,-,S,M,S,M,S,M,M,S,M,M,M,S,S,-,M,S,M,-,S,S,S,-,-,M,M,M,M,S,S,S,M,S,S,M,-,M,S,M,-,S,-,S,S,M,M,S,S,M,-,-,-,-,-,-,-,-,-
*ec4f11,N13,34.1,M,S,M,S,S,S,M,M,M,M,M,S,M,M,S,-,M,M,M,M,M,M,M,M,S,S,M,M,S,S,M,S,S,S,M,M,S,M,M,S,S,S,S,M,M,S,-,-,M,S,M,S,M,M,S,M,-,-,S,S,-,-,S,-,-,S,S,S,-,-,M,M,M,M,S,S,M,M,S,S,M,-,M,S,M,-,S,S,S,-,M,M,S,S,M,S,-,S,M,S,S,M,M,S
E32M50.252,N13,39.2,M,-,M,S,S,S,M,M,S,M,M,S,-,M,S,-,M,M,M,M,S,M,M,M,S,S,M,M,S,-,M,S,S,S,M,M,S,M,M,S,S,-,-,S,M,S,-,S,M,S,M,S,M,M,S,M,M,M,M,S,-,M,S,M,M,S,S,S,-,-,M,M,M,M,S,S,M,M,S,S,M,-,M,S,M,-,S,S,S,S,M,M,S,S,M,-,-,-,-,-,-,-,-,-
E32M59.107,N13,47.4,M,-,M,M,S,S,M,-,S,M,M,S,-,M,S,-,-,M,M,M,-,M,S,S,S,S,M,M,S,-,M,S,S,S,M,-,S,M,M,S,S,-,-,S,M,S,-,S,S,S,-,S,-,-,S,-,-,-,M,S,-,M,S,-,M,S,S,S,-,-,M,M,M,M,S,M,M,M,S,S,M,-,M,-,M,-,S,S,S,S,M,M,S,S,M,-,-,-,-,-,-,-,-,-
*wg1g8b,N13,52.7,M,-,M,M,S,S,M,S,S,M,M,S,M,M,S,M,S,M,M,M,S,M,S,M,S,S,M,M,S,S,M,S,S,S,M,M,-,-,M,S,-,S,M,S,M,-,-,-,S,S,M,-,M,M,S,M,M,M,M,S,M,M,S,M,M,S,S,S,S,S,M,M,M,M,S,M,M,M,-,S,M,M,-,S,S,M,S,S,S,-,M,M,S,S,M,S,M,S,M,-,S,M,M,M
*wg2g9,N13,60.3,M,S,M,M,S,S,-,S,S,S,-,S,M,M,S,M,S,M,M,M,S,M,S,M,S,S,-,-,S,S,M,S,M,S,-,M,M,M,M,-,S,M,M,S,M,S,S,S,S,S,M,S,M,-,S,-,M,-,-,S,-,-,S,M,M,S,M,S,S,S,S,M,M,S,S,M,M,M,-,S,M,M,-,-,S,M,S,S,S,S,M,M,S,S,M,S,-,-,-,S,S,-,-,-
E33M50.282,N13,63.7,M,-,M,M,S,S,M,S,S,S,M,S,-,M,S,-,S,M,M,M,S,M,S,M,S,S,M,M,S,-,M,M,M,S,M,M,M,M,M,S,S,-,-,S,M,S,-,S,S,S,M,S,M,M,S,M,M,M,M,S,-,M,S,M,M,S,M,S,-,-,S,M,M,S,M,M,M,M,M,S,M,-,M,S,S,-,S,S,-,S,M,M,S,S,M,-,-,-,-,-,-,-,-,-
E35M48.123,N13,66.7,M,-,M,M,S,S,M,S,S,S,M,S,-,M,-,-,S,M,S,M,S,M,S,M,S,S,M,M,S,-,M,M,M,S,M,M,M,M,M,S,S,-,-,S,M,S,-,S,S,S,M,S,M,M,S,M,M,M,M,S,-,M,S,M,M,S,M,S,-,-,S,M,M,S,M,M,M,M,M,S,M,-,M,M,S,-,S,S,S,S,M,M,S,S,M,-,-,-,-,-,-,-,-,-
*wg1e3,N13,69.3,M,-,M,M,S,S,M,S,S,S,M,S,M,M,S,M,S,M,S,M,S,M,S,M,S,S,M,M,-,S,M,M,M,S,M,-,-,-,M,-,-,M,S,S,M,-,-,S,S,S,M,S,M,M,S,M,M,M,M,S,M,M,S,M,M,S,M,S,S,S,S,M,M,-,M,M,M,-,-,S,M,M,-,S,S,M,S,S,S,-,M,M,S,S,M,M,-,-,M,-,S,-,M,M
*wg6d6,N13,72.5,M,-,M,M,S,S,M,S,S,S,M,S,M,M,S,M,S,M,S,M,S,M,S,M,S,S,M,M,S,S,M,M,M,S,M,M,M,M,M,S,-,M,-,S,M,-,-,M,S,S,M,S,M,M,S,M,M,M,M,S,M,M,S,M,M,S,M,S,S,S,S,M,M,S,M,M,M,-,-,S,M,S,-,S,S,M,S,S,S,-,M,M,S,S,M,M,S,S,M,S,S,S,M,M
*wg4f4a,N13,73.9,M,S,M,M,S,S,M,S,S,S,M,S,M,M,S,M,S,M,S,M,S,M,S,M,S,S,M,M,S,S,M,-,M,S,M,M,M,M,M,-,-,M,S,S,M,S,S,M,S,S,M,S,M,-,S,M,M,-,M,S,M,M,S,M,M,S,M,S,S,S,S,M,M,S,M,M,M,S,M,S,M,-,S,M,S,M,S,S,S,S,M,M,S,S,M,M,S,-,M,S,S,S,M,M
*ec5c4,N13,79,M,S,M,M,S,S,M,S,-,S,M,S,-,M,S,-,S,-,S,M,S,M,S,M,S,S,M,M,S,S,M,M,M,S,-,M,M,M,M,-,S,M,S,S,M,S,S,M,S,S,-,S,M,-,S,-,M,-,S,S,-,-,S,M,M,S,M,S,S,M,S,-,M,S,M,S,M,S,-,S,M,S,S,S,S,S,S,S,S,S,M,M,S,S,M,M,-,-,M,S,S,S,-,-
E35M48.198,N13,80,M,-,M,M,S,S,M,S,S,S,M,S,-,M,-,-,S,M,S,M,S,M,M,M,S,S,M,M,S,-,M,M,M,S,M,M,M,M,M,S,S,-,-,S,M,S,-,M,S,S,M,S,M,M,S,M,M,M,S,S,-,M,S,M,M,S,M,S,-,-,S,M,M,S,M,S,M,S,M,S,M,-,S,S,S,-,S,S,S,S,M,M,S,S,M,-,-,-,-,-,-,-,-,-
E35M62.135,N13,83,M,-,M,M,S,S,M,S,S,S,M,S,-,M,S,-,S,M,S,M,S,M,M,M,S,S,M,M,S,-,M,-,M,S,M,M,M,M,M,S,S,-,-,S,M,S,-,M,S,S,M,S,-,M,S,M,M,S,S,S,-,M,S,M,M,S,M,S,-,-,S,M,M,S,M,S,S,S,M,S,M,-,S,S,S,-,S,S,S,S,M,M,S,S,S,-,-,-,-,-,-,-,-,-
*wg1a4,N13,84,M,S,M,M,S,S,M,S,-,S,M,S,-,M,S,M,S,-,-,M,S,M,-,-,S,S,M,M,S,S,M,M,M,S,M,M,M,M,M,S,S,M,S,M,M,S,S,M,S,S,M,S,M,M,S,M,M,S,S,S,M,M,S,M,M,S,M,S,S,M,S,M,M,S,M,S,S,S,M,-,M,S,-,S,S,S,S,S,S,S,M,M,S,S,S,M,S,-,M,S,S,-,M,M
*ec2e12b,N13,86.6,M,S,S,M,S,S,M,S,S,S,M,S,M,M,S,-,S,M,S,M,-,M,M,M,S,S,M,M,S,-,-,-,M,-,-,-,M,M,M,S,S,M,S,M,M,S,-,M,S,S,-,S,M,M,M,M,M,S,S,S,-,M,S,M,M,S,M,S,-,-,S,M,M,S,M,S,S,S,M,S,M,-,S,S,S,-,S,S,S,S,M,M,S,S,S,M,S,S,M,S,S,S,M,M
*wg3h6,N13,88.2,-,-,S,M,S,-,-,-,-,S,M,S,M,M,S,M,S,M,S,M,S,M,M,M,S,S,M,M,S,S,M,S,M,S,-,M,M,M,M,-,S,M,S,M,M,S,-,-,S,-,M,S,M,-,-,-,-,-,-,S,M,M,S,M,M,S,M,M,S,M,S,M,M,S,M,S,S,S,-,S,M,S,-,-,S,S,S,S,S,S,M,M,S,S,S,M,-,-,M,S,S,-,-,-
*wg4d5a,N13,101.7,M,S,S,M,S,-,M,S,-,S,M,S,-,S,S,M,-,-,-,-,S,M,-,-,M,S,-,S,-,S,-,S,M,S,M,M,S,M,M,-,-,M,S,M,M,-,S,-,-,-,M,S,-,S,M,M,M,S,S,S,S,M,S,M,M,S,M,M,S,M,S,-,M,M,M,S,S,S,M,-,M,-,S,-,S,S,S,S,M,S,M,M,S,M,S,M,S,-,M,-,-,S,-,M
*wg5b1b,N13,104.4,S,S,S,M,S,M,-,S,S,S,M,S,S,S,S,-,S,M,S,S,S,M,-,M,M,S,M,S,M,S,M,S,-,S,-,M,S,M,M,S,S,S,S,M,M,S,-,-,S,S,-,S,M,S,-,M,M,S,S,S,-,M,S,M,M,S,M,M,-,-,S,M,M,M,-,S,S,S,M,S,-,S,S,S,S,S,S,S,M,S,M,-,S,M,S,M,S,S,M,S,S,S,M,M
E33M61.54,N13,107,S,-,S,M,S,M,M,S,S,S,M,S,-,S,S,-,S,M,M,S,S,M,M,M,M,S,M,S,M,-,M,S,M,S,M,M,S,M,M,-,S,-,-,M,S,S,-,M,S,S,M,S,M,S,M,M,M,S,S,S,-,M,S,M,M,S,M,M,-,-,S,M,M,M,M,S,S,S,M,-,M,-,S,S,S,-,S,S,-,S,M,M,S,M,S,-,-,-,-,-,-,-,-,-
*ec3d2,N13,124.9,S,S,S,M,S,S,M,S,S,S,-,S,S,S,S,-,S,M,M,S,-,S,S,M,M,S,M,S,M,S,M,S,M,S,S,S,S,M,S,S,M,M,S,M,S,S,-,M,M,S,-,S,M,S,M,S,M,S,S,S,-,S,M,S,M,S,M,M,-,-,S,M,M,M,M,S,S,S,M,S,M,-,S,S,S,-,S,S,-,S,M,M,S,M,S,-,-,S,M,S,-,S,S,S
E32M48.191,N13,127.3,S,-,S,M,S,S,M,S,S,S,M,S,-,S,S,-,S,M,M,S,S,S,S,M,M,S,M,S,M,-,M,S,M,S,S,S,S,M,S,S,M,-,-,M,S,S,-,M,M,S,M,S,M,S,M,S,M,S,S,S,-,S,M,S,M,S,S,M,-,-,S,M,S,M,M,S,S,S,M,S,M,-,S,S,S,-,S,S,M,S,M,M,S,M,S,-,-,-,-,-,-,-,-,-
E33M59.333,N13,128.5,S,-,S,M,S,S,M,S,S,S,M,S,-,S,S,-,S,M,M,S,S,S,S,M,M,S,M,S,M,-,M,S,M,S,S,S,S,M,S,S,M,-,-,M,S,M,-,M,M,S,M,S,M,S,M,S,M,S,S,S,-,S,M,S,M,S,-,M,-,-,S,M,S,M,M,S,S,S,M,S,M,-,S,S,S,-,S,S,M,S,M,M,S,M,S,-,-,-,-,-,-,-,-,-
*wg6e3b,N13,136.2,S,S,S,M,S,S,M,M,S,S,S,S,S,S,S,S,S,S,-,S,S,S,-,-,M,S,M,S,M,S,M,S,M,S,S,S,S,M,S,S,-,M,S,M,S,M,S,S,M,M,M,S,M,S,M,S,M,S,S,S,S,S,M,S,M,S,S,M,M,M,S,M,S,M,M,S,S,S,M,S,M,S,-,S,M,S,S,S,M,S,M,M,S,M,S,M,-,-,M,S,-,S,S,S
*ec4d11,N13,138.3,S,S,S,M,S,S,M,M,S,S,S,S,S,S,S,-,S,S,M,S,S,S,S,M,M,S,M,S,M,S,M,S,M,S,S,S,S,S,S,S,M,M,S,M,S,M,-,S,M,M,M,S,M,S,M,-,-,-,-,-,-,S,M,S,-,-,S,M,-,-,S,-,-,-,-,-,S,S,M,S,M,-,S,S,M,-,S,S,M,S,M,-,S,M,S,M,S,S,S,S,M,S,S,S
E32M59.88,N13,142.5,S,-,S,M,S,S,M,M,S,S,S,S,-,S,S,-,-,S,M,S,S,S,S,M,M,S,M,M,M,-,M,S,M,S,M,S,S,S,S,S,M,-,-,M,S,M,-,S,M,M,M,-,M,S,M,S,M,S,S,S,-,S,M,S,M,S,S,M,-,-,S,S,S,M,M,-,-,-,M,-,M,-,S,-,M,-,-,S,M,-,-,M,S,M,-,-,-,-,-,-,-,-,-,-
*ec4g4,N13,148.7,-,S,S,S,S,S,M,M,S,S,S,S,S,S,S,-,S,S,M,S,S,S,-,S,M,S,M,M,M,S,M,S,-,S,M,-,-,-,-,-,-,-,S,M,S,-,-,-,M,M,M,-,-,-,-,-,-,-,S,S,-,S,M,-,S,S,-,M,-,-,S,S,S,M,M,S,S,S,M,S,-,-,S,-,M,-,-,-,S,-,S,M,S,M,S,M,S,M,S,-,M,-,S,-
*wg1g4b,N13,153.3,S,-,S,S,S,S,M,-,S,S,S,-,S,M,S,-,-,S,M,S,S,S,-,S,S,-,M,M,M,S,-,S,M,S,-,S,S,S,S,S,-,M,S,M,-,-,-,S,M,M,M,S,M,S,M,S,M,S,S,S,S,S,M,S,S,S,S,-,S,M,S,S,S,-,M,S,S,S,-,S,M,S,-,S,M,S,S,S,S,S,S,M,S,S,S,M,-,M,S,S,M,S,S,S
*ec3g12,N13,169.4,S,S,S,S,-,-,M,M,S,S,-,S,S,M,S,-,S,S,-,S,S,-,S,S,S,S,-,M,M,S,M,S,M,S,S,S,S,S,S,S,S,S,S,M,S,M,-,S,M,M,S,S,M,S,S,S,-,S,-,S,-,S,M,-,S,S,S,M,-,-,S,S,S,S,S,S,S,S,S,S,-,-,S,S,M,-,S,S,S,-,S,M,S,S,S,S,-,S,S,S,-,S,-,S
*ec3g3a,N13,175.6,-,S,S,S,S,M,M,M,S,S,S,S,S,M,S,-,S,S,S,S,-,S,S,S,S,S,S,M,M,M,M,S,M,S,S,S,S,S,S,S,S,S,S,M,S,M,-,S,M,M,-,S,M,S,S,S,M,S,S,S,-,S,M,S,S,M,S,M,-,-,S,S,S,S,S,S,S,S,S,S,S,-,S,S,M,-,S,S,S,S,S,S,M,S,S,S,M,S,S,S,M,S,M,S
*wg9f2,N14,0,S,-,M,S,S,-,-,-,M,M,M,S,M,M,S,S,M,S,S,S,M,S,M,S,M,M,M,S,M,M,S,M,S,M,-,S,M,S,S,S,M,S,M,S,M,M,M,M,M,-,S,M,M,M,S,-,S,-,-,M,M,M,S,S,S,S,M,S,M,S,S,M,M,M,S,M,S,S,S,S,S,M,-,-,M,M,M,M,S,S,S,M,S,S,S,S,S,-,S,S,S,M,S,S
E35M62.222,N14,15.3,S,-,M,S,S,S,S,M,M,S,M,S,-,S,S,-,M,S,S,S,M,S,M,S,M,S,M,S,M,-,S,-,S,M,M,M,M,S,S,S,M,-,-,S,M,M,-,M,M,S,M,M,-,M,S,M,S,M,S,M,-,M,S,S,S,S,M,M,-,-,M,M,M,M,S,M,S,S,M,S,S,-,M,M,M,-,M,M,S,S,S,M,S,S,M,-,-,-,-,-,-,-,-,-
*wg4a4a,N14,20.7,S,S,M,S,S,S,S,M,M,S,S,S,M,S,M,S,M,S,S,S,M,S,M,S,M,S,M,S,M,M,S,M,S,M,S,M,M,S,S,S,M,S,M,S,M,M,M,M,M,S,M,M,M,M,S,M,S,M,S,M,-,S,S,S,S,S,M,M,M,S,M,M,M,M,S,M,S,S,M,S,S,-,M,M,M,S,M,M,S,S,S,M,S,S,M,S,S,S,M,S,S,S,S,S
E33M59.234,N14,24.2,S,-,M,S,S,S,S,M,M,S,S,S,-,S,M,-,M,S,S,S,M,S,M,S,M,S,M,S,M,-,S,M,M,M,S,M,M,S,S,S,M,-,-,S,M,M,-,M,M,S,M,M,M,S,S,M,S,M,S,S,-,S,S,S,S,S,M,M,-,-,M,M,M,M,S,M,S,S,M,S,S,-,M,M,M,-,M,M,S,S,S,M,S,S,M,-,-,-,-,-,-,-,-,-
E33M61.84,N14,25.4,S,-,M,S,S,S,S,M,M,S,S,S,-,S,M,-,M,S,M,S,M,S,M,S,M,S,M,S,M,-,S,M,M,M,S,M,M,S,S,-,M,-,-,S,M,M,-,M,M,S,M,M,M,S,S,M,S,M,S,S,-,S,S,S,S,S,M,M,-,-,M,M,M,M,S,M,S,S,M,-,S,-,M,M,M,-,M,M,S,S,S,M,S,S,M,-,-,-,-,-,-,-,-,-
*wg4d7b,N14,27.4,S,-,M,S,S,S,S,M,-,S,S,S,-,S,M,S,-,-,-,-,-,-,-,-,M,S,-,S,-,M,-,M,M,M,S,M,-,S,S,-,-,S,M,-,M,-,-,-,-,-,M,M,-,S,S,M,S,M,S,S,S,S,S,S,S,S,M,M,M,S,M,-,M,M,S,M,S,S,M,-,S,-,S,-,M,S,M,M,S,S,S,M,S,S,M,S,S,-,M,-,-,S,-,S
*ec5e12b,N14,60.8,S,S,M,S,S,S,-,S,S,S,S,S,S,S,S,-,S,S,S,S,-,S,M,S,S,S,S,S,S,M,S,S,M,M,S,M,M,S,S,M,S,S,M,S,M,S,-,M,S,S,-,M,M,S,S,M,S,S,S,S,-,S,S,S,S,S,M,S,-,-,M,S,S,M,S,S,S,S,M,S,S,-,S,S,M,-,M,S,S,-,S,S,S,-,M,S,S,S,S,-,M,S,S,S
*ec4c11,N14,61.9,S,S,M,S,S,S,S,S,S,S,S,S,S,S,S,-,S,S,S,S,M,S,M,S,S,S,S,S,S,M,S,S,M,M,S,M,M,S,S,M,S,S,M,S,M,S,-,-,S,S,M,M,M,S,S,M,S,S,S,S,-,S,S,S,S,S,M,S,-,-,M,S,S,M,S,S,S,M,M,S,S,-,S,S,M,-,M,S,S,S,S,S,S,S,M,S,S,S,S,S,M,S,S,S
*wg6e3a,N14,65.2,S,S,M,S,M,S,S,M,S,S,S,S,S,S,S,S,S,S,-,S,M,-,-,-,-,S,S,S,S,M,S,-,M,M,S,M,M,S,S,M,-,S,M,S,M,S,S,M,S,S,M,M,M,S,S,M,S,S,S,S,S,S,S,S,S,S,S,S,S,S,M,S,S,M,S,S,S,M,M,S,S,S,-,S,M,S,M,S,S,S,S,S,S,S,M,S,-,-,S,S,M,-,S,S
E32M48.69,N14,78,S,-,M,S,M,S,S,M,S,S,S,S,-,S,S,-,S,S,S,S,M,S,M,S,S,S,S,S,S,-,S,S,S,M,S,M,M,S,S,M,S,-,-,S,M,M,-,M,S,S,M,S,S,M,S,S,S,S,S,S,-,S,S,S,S,S,S,S,-,-,M,S,S,M,S,S,S,M,S,S,S,-,S,S,S,-,S,S,S,S,S,M,S,S,-,-,-,-,-,-,-,-,-,-
*ec3b2b,N14,84.5,S,S,M,S,M,S,S,M,S,S,S,S,S,M,S,-,M,S,S,S,-,S,M,S,S,S,S,S,S,M,S,S,S,M,S,M,M,S,S,M,S,S,-,S,M,M,-,S,S,S,-,S,S,M,S,S,S,S,S,S,-,S,S,S,S,S,S,S,-,-,M,S,S,M,S,S,S,M,S,S,S,-,S,S,S,S,S,S,S,M,S,M,S,M,M,S,S,S,S,M,M,S,S,S
E32M47.186,N14,94.8,S,-,M,S,M,S,S,M,S,S,M,S,-,M,S,-,M,S,S,S,M,S,M,S,S,S,S,M,S,-,S,S,S,M,S,M,M,M,S,M,S,-,-,S,M,M,-,S,M,S,S,S,S,M,S,S,S,S,S,S,-,S,S,S,M,M,S,S,-,-,M,S,S,M,S,S,S,M,S,S,S,-,S,S,S,-,S,S,S,M,M,M,S,M,M,-,-,-,-,-,-,-,-,-
*ec4d9,N14,98.2,-,-,-,-,M,S,S,M,S,S,M,S,S,M,S,-,M,S,S,M,M,S,M,S,S,S,S,M,S,M,S,S,S,-,-,-,M,M,S,M,S,S,S,S,M,M,-,S,M,S,S,S,S,-,-,S,S,S,S,-,-,S,S,S,M,M,S,S,-,-,-,S,S,S,S,S,S,M,S,S,-,-,S,S,S,S,S,S,S,-,-,M,S,M,M,S,S,S,S,S,M,S,S,S
*wg4d5c,N14,105.3,S,M,M,M,M,S,S,M,S,S,M,S,-,M,S,S,-,-,-,-,M,S,-,-,S,S,-,M,-,M,-,S,S,S,S,M,M,M,S,M,-,S,M,M,M,-,S,-,-,S,S,S,S,M,S,S,M,S,S,S,S,S,S,S,M,M,S,S,S,M,M,S,S,S,S,S,S,M,S,-,S,-,-,-,S,S,S,S,S,M,M,M,S,M,M,S,S,S,S,S,M,-,S,S
E33M48.67,N14,117.5,S,-,S,M,M,S,S,M,S,S,M,M,-,M,S,-,M,S,S,M,M,S,S,S,S,S,S,M,S,-,M,S,S,S,S,M,M,M,M,M,M,-,-,M,S,M,-,S,M,S,S,S,S,M,S,S,M,M,S,M,-,S,S,S,M,M,S,S,-,-,M,S,S,S,S,S,S,M,S,M,S,-,S,S,S,-,S,S,S,M,M,M,S,M,M,-,-,-,-,-,-,-,-,-
E35M60.329,N14,122.2,S,-,S,M,M,M,S,M,S,S,M,M,-,M,S,-,M,S,S,M,M,-,S,S,S,S,S,M,S,-,M,S,S,S,M,M,M,M,M,M,M,-,-,M,S,M,-,S,M,S,S,S,S,M,-,S,M,M,S,M,-,S,S,S,M,M,S,S,-,-,-,S,S,S,S,S,S,S,S,M,S,-,S,S,S,-,S,S,S,M,M,M,S,M,M,-,-,-,-,-,-,-,-,-
*wg1h4b,N14,125.6,S,M,S,M,M,M,S,M,S,S,M,M,M,M,S,M,S,S,S,M,M,S,S,S,S,M,S,M,S,M,M,S,S,S,M,M,-,-,-,-,-,-,S,M,S,M,S,-,M,S,S,S,S,M,S,S,M,M,S,M,S,S,S,S,M,M,S,S,M,M,S,S,S,S,S,S,S,S,S,M,S,S,S,S,S,S,S,S,S,M,M,M,S,M,M,S,S,S,-,S,M,S,S,S
E38M62.188,N15,0,-,-,M,M,M,M,S,S,M,M,M,M,-,S,-,-,S,M,M,S,M,M,S,S,S,M,S,S,M,-,M,M,S,S,M,S,S,S,S,M,M,-,-,S,S,S,-,S,S,M,M,M,S,M,S,S,S,M,M,M,-,S,M,M,S,S,S,M,-,-,M,S,M,S,M,M,M,M,M,S,M,-,S,S,S,-,M,M,M,S,M,S,S,M,S,-,-,-,-,-,-,-,-,-
E32M50.261,N15,6.6,M,-,M,M,M,M,S,S,M,M,M,M,-,S,S,-,S,M,M,S,M,M,S,S,S,M,S,S,M,-,M,M,S,S,M,S,S,S,S,M,M,-,-,S,S,S,-,S,S,S,M,M,S,M,S,S,S,S,M,M,-,S,S,M,S,S,S,M,-,-,M,S,S,S,M,M,M,-,M,S,M,-,M,S,S,-,M,M,M,S,M,S,S,M,S,-,-,-,-,-,-,-,-,-
E33M50.118,N15,23.2,M,-,M,M,S,M,S,S,M,S,M,M,-,S,S,-,M,M,M,S,S,M,S,S,S,M,S,S,S,-,M,M,S,M,M,S,S,S,S,M,M,-,-,M,M,S,-,S,S,S,M,M,S,M,S,S,S,S,M,M,-,M,S,S,S,M,S,M,-,-,M,S,S,S,M,M,M,M,M,S,M,-,M,S,S,-,M,M,-,S,M,S,S,M,-,-,-,-,-,-,-,-,-,-
*wg1g3a,N15,29.5,-,-,M,M,S,-,-,-,-,S,M,M,S,S,S,S,M,M,M,S,S,M,S,S,S,S,S,S,S,S,M,M,S,M,M,S,S,M,S,M,M,M,M,M,M,S,M,S,S,-,M,M,S,S,S,-,S,-,-,M,M,M,S,S,S,-,S,M,M,S,M,S,S,M,M,M,M,M,-,S,M,-,-,-,S,M,M,M,M,S,M,S,S,-,M,-,M,-,M,M,S,-,M,M
E35M60.230,N15,51,M,-,M,M,S,M,S,S,M,S,M,M,-,S,S,-,M,M,M,M,S,M,S,S,S,S,M,M,S,-,M,M,S,M,S,S,M,M,M,M,M,-,-,M,M,M,-,S,S,S,M,M,S,S,-,M,S,S,M,S,-,M,S,S,S,M,S,M,-,-,M,M,S,M,M,M,M,S,M,S,M,-,M,M,M,-,M,M,M,S,M,M,S,M,M,-,-,-,-,-,-,-,-,-
*wg6a11,N15,53.6,M,S,M,M,S,M,S,S,S,S,M,M,M,S,S,-,M,M,M,M,S,M,S,S,S,S,M,M,S,S,M,M,S,M,S,S,M,M,M,-,M,M,M,M,M,M,M,S,S,-,M,M,S,-,S,M,S,S,M,S,M,M,S,S,S,M,S,M,M,M,M,M,S,M,M,S,M,S,M,S,M,M,-,M,M,M,M,M,M,S,M,M,S,M,M,M,M,-,M,S,M,-,M,M
*wg6h1a,N15,54.6,M,S,M,M,S,M,S,S,S,S,M,M,M,S,S,S,M,M,M,M,S,M,M,S,S,S,M,M,S,S,M,M,S,M,S,S,M,M,M,M,M,M,M,M,M,M,M,S,S,S,M,M,S,S,S,M,S,S,M,S,M,M,S,S,S,M,S,M,M,M,M,M,S,M,M,S,M,S,M,S,M,M,-,M,M,M,M,M,M,S,M,M,S,M,M,M,M,M,M,S,M,S,M,M
E32M62.241,N15,60,M,-,M,M,S,M,S,S,S,S,S,M,-,S,S,-,M,M,M,M,S,S,M,S,S,S,M,M,S,-,M,S,S,M,S,S,M,M,M,M,M,-,-,M,M,M,-,S,S,S,M,M,S,S,S,M,S,S,M,S,-,M,S,S,S,M,S,M,-,-,M,M,S,M,M,S,M,S,M,S,S,-,M,M,M,-,M,M,M,-,M,M,S,M,M,-,-,-,-,-,-,-,-,-
E32M47.288,N15,62.6,M,-,M,M,S,M,S,M,S,S,S,M,-,S,S,-,M,M,M,M,S,S,M,S,S,S,M,M,S,-,M,S,S,M,S,S,M,M,M,M,M,-,-,M,M,M,-,S,S,S,M,M,-,S,S,M,S,S,M,S,-,M,S,S,S,M,M,M,-,-,M,M,S,M,M,S,M,S,M,S,S,-,M,M,M,-,M,M,M,S,M,M,S,M,M,-,-,-,-,-,-,-,-,-
E33M48.316,N15,74.1,M,-,M,M,S,M,S,M,S,S,S,M,-,S,S,-,M,M,M,M,S,S,S,S,S,M,M,M,S,-,M,M,S,M,S,S,M,M,M,M,M,-,-,M,M,M,-,S,S,S,M,M,S,M,S,M,S,S,M,S,-,M,S,S,M,M,M,M,-,-,M,M,S,M,S,M,M,S,M,S,S,-,M,M,S,-,M,M,M,S,M,M,S,M,M,-,-,-,-,-,-,-,-,-
E33M59.225,N15,78.1,M,-,M,M,S,M,S,M,S,S,S,M,-,S,S,-,M,M,M,M,S,S,S,S,S,M,M,M,S,-,M,M,S,M,S,S,M,M,M,M,M,-,-,M,M,M,-,S,S,S,M,M,S,S,S,M,S,S,M,S,-,M,S,S,M,M,M,M,-,-,M,M,S,M,M,M,M,S,M,M,S,-,M,M,S,-,M,M,M,S,M,M,S,M,M,-,-,-,-,-,-,-,-,-
*ec2e4c,N15,79.4,M,S,M,M,S,M,S,M,S,S,M,M,M,S,S,-,M,M,M,M,-,S,S,S,S,M,M,M,S,M,M,M,S,M,S,S,M,M,M,M,M,S,M,M,M,M,-,S,S,S,-,M,S,S,S,M,S,S,M,S,-,M,S,S,M,M,M,M,-,-,M,M,S,M,M,M,M,S,M,M,S,-,M,M,S,-,M,M,M,S,M,M,S,M,M,S,M,M,M,S,M,M,M,M
*ec3e12b,N16,0,S,M,S,M,S,M,S,S,M,M,S,S,M,M,S,M,M,S,M,S,-,S,M,S,M,S,M,S,S,M,S,S,M,M,S,M,M,S,M,M,S,M,M,S,M,M,-,S,S,S,-,S,M,S,S,M,S,S,S,S,-,M,M,S,S,S,M,M,-,-,S,M,M,S,S,S,S,M,M,S,M,-,M,S,S,-,M,M,M,S,M,S,M,S,S,M,S,M,S,S,S,M,S,M
*wg5a1b,N16,4.4,S,M,S,M,M,S,S,S,M,M,S,S,M,M,S,M,M,S,M,S,S,S,M,S,M,S,M,S,S,M,S,S,M,M,S,M,M,S,M,-,S,M,S,S,M,M,S,S,S,S,M,S,M,-,S,M,S,-,S,S,S,M,M,S,S,S,M,M,S,M,S,M,M,S,S,S,S,M,M,S,M,M,S,S,S,S,M,M,M,S,M,S,M,S,S,M,S,M,S,S,S,M,S,M
*wg2a3c,N16,4.4,-,-,-,M,-,-,-,-,-,-,-,-,-,-,S,-,-,-,-,-,S,S,-,-,-,-,-,S,-,-,-,-,-,-,-,-,-,-,-,-,-,-,-,-,-,-,-,-,-,-,M,S,-,S,S,-,S,S,S,-,S,-,-,-,S,S,M,-,-,-,-,-,-,-,-,-,-,-,-,-,-,-,S,-,S,-,M,-,M,-,-,S,-,-,-,-,-,-,S,-,-,-,-,-
*ec5e12a,N16,9.5,S,M,S,M,M,S,S,S,M,M,S,S,M,M,S,-,M,S,M,S,-,S,M,S,M,S,M,S,S,M,S,S,M,M,S,M,M,S,M,M,S,M,M,S,S,S,-,S,S,S,-,S,M,S,S,M,S,S,S,S,-,M,M,S,S,S,M,M,-,-,S,M,M,S,S,S,S,M,M,S,M,-,M,S,S,-,M,M,M,S,M,S,M,S,S,M,S,M,S,S,S,S,S,M
*wg7f5b,N16,11.9,-,-,-,M,S,-,-,-,-,-,-,-,-,-,S,-,-,S,-,-,S,S,-,-,-,-,-,S,-,-,S,-,-,M,-,-,-,-,-,M,-,-,-,-,-,-,-,-,S,S,M,S,-,S,S,-,S,S,S,-,S,-,-,-,S,S,M,-,-,-,-,-,-,-,-,-,-,-,-,-,-,-,-,-,S,-,M,-,M,-,-,S,-,-,-,-,-,-,S,S,-,-,-,-
E32M47.159,N16,11.9,S,-,S,M,S,S,S,S,M,M,S,S,-,M,S,-,M,S,S,S,S,S,M,S,M,S,M,S,S,-,S,S,M,M,S,M,M,S,M,M,S,-,-,S,S,S,-,S,S,S,M,S,M,-,S,M,S,S,S,S,-,M,M,S,S,S,M,M,-,-,S,M,M,S,S,S,S,M,M,S,M,-,M,S,S,-,M,M,M,S,M,S,M,S,S,-,-,-,-,-,-,-,-,-
*tg5d9b,N16,15.5,S,M,S,M,S,S,S,S,-,M,M,S,-,M,S,M,M,-,-,S,S,S,M,S,M,S,M,S,S,M,S,S,M,M,S,M,M,S,M,M,-,M,S,S,S,M,S,-,S,S,M,S,M,S,S,M,S,S,S,S,S,M,M,S,S,S,M,M,S,M,S,-,M,S,S,S,S,M,M,-,M,-,-,-,S,S,M,M,M,S,M,S,M,S,S,M,S,-,S,S,-,-,-,M
*slg6,N16,15.5,S,M,S,M,S,S,S,S,M,M,M,S,M,M,S,-,M,S,M,S,S,S,M,S,M,S,M,S,S,M,S,S,M,M,S,M,M,S,M,M,S,M,S,S,S,-,-,S,S,S,M,S,M,S,S,M,S,S,S,S,-,M,M,S,S,S,M,M,-,-,S,M,M,S,S,S,S,M,M,S,M,-,M,S,S,-,M,M,M,S,M,S,M,S,S,M,S,M,S,S,S,S,S,M
E35M59.85,N16,16.7,S,-,S,M,S,S,S,S,M,M,M,S,-,M,S,-,M,S,M,S,S,S,M,S,M,S,M,S,S,-,S,S,M,M,S,M,M,S,M,M,S,-,-,S,S,M,-,S,S,S,M,S,M,M,S,M,S,S,S,S,-,M,M,S,S,S,M,M,-,-,S,M,M,S,S,S,S,M,M,S,M,-,M,S,S,-,M,M,M,S,M,-,M,S,S,-,-,-,-,-,-,-,-,-
*ec2d8b,N17,0,M,M,S,S,S,S,M,S,M,S,M,S,M,M,M,-,M,M,M,M,-,M,S,M,S,S,S,S,S,M,S,M,M,M,S,S,M,S,M,S,M,S,M,M,M,S,-,M,M,-,-,-,M,M,M,M,S,M,S,M,-,M,M,M,S,S,M,M,-,-,S,M,M,S,S,S,S,S,M,S,S,-,M,M,M,-,S,M,S,M,M,S,M,M,M,S,M,S,M,S,S,M,M,M
E35M62.132,N17,4.3,M,-,S,S,M,S,M,S,M,S,M,S,-,M,M,-,M,M,M,M,S,M,S,M,S,S,S,S,S,-,S,-,S,M,S,S,M,S,M,S,M,-,-,M,M,S,-,M,M,M,M,S,-,M,M,M,S,M,S,M,-,M,M,M,S,S,S,M,-,-,S,M,M,S,S,S,S,S,M,S,S,-,M,M,M,-,S,M,S,M,M,S,M,M,M,-,-,-,-,-,-,-,-,-
E35M47.337,N17,23.4,M,-,S,S,M,S,M,S,M,S,M,S,-,M,M,-,M,M,M,M,S,S,M,M,S,M,S,S,S,-,M,S,S,S,S,S,M,S,M,S,M,-,-,S,M,S,-,M,M,M,M,S,M,S,M,S,M,M,S,M,-,M,M,M,S,S,S,S,-,-,S,M,M,S,S,S,S,S,M,S,S,-,S,M,M,-,S,S,S,M,M,S,M,M,M,-,-,-,-,-,-,-,-,-
E35M47.257,N17,27.2,M,-,S,S,M,S,M,S,M,S,S,S,-,M,M,-,M,M,M,M,S,S,M,M,S,M,S,S,S,-,M,S,S,S,S,S,M,S,M,S,M,-,-,S,M,S,-,M,M,M,M,S,M,S,M,S,M,S,S,M,-,M,M,M,S,S,S,S,-,-,S,M,M,S,S,S,S,S,M,S,S,-,S,M,M,-,S,S,S,M,M,S,M,S,M,-,-,-,-,-,-,-,-,-
*wg9e9,N17,29.7,M,-,S,-,M,S,M,-,-,S,S,S,S,M,M,M,M,-,M,M,-,S,S,M,S,M,S,S,S,M,M,S,S,S,-,S,M,S,M,-,-,S,M,S,-,S,M,M,M,M,M,S,M,S,M,S,M,S,S,M,-,M,M,M,S,S,S,S,M,M,S,M,M,S,S,S,S,S,-,S,S,-,-,-,M,S,S,S,S,M,M,S,M,S,M,S,-,-,-,-,S,-,S,M
*ec2b3,N17,35.4,M,-,S,S,M,S,M,S,M,S,S,S,S,M,S,M,M,M,M,M,S,S,S,M,S,M,S,S,S,M,M,S,S,S,M,S,-,S,M,S,-,S,M,S,M,-,-,M,M,M,M,M,-,S,M,S,M,S,S,M,M,M,M,M,S,S,S,S,S,M,S,M,M,S,S,S,S,S,-,S,S,S,M,M,M,S,S,S,S,-,M,S,M,S,M,S,-,M,M,S,S,M,S,M
E33M60.229,N17,36.7,M,-,S,S,M,S,M,-,M,S,S,S,-,M,S,-,M,M,M,M,S,S,S,M,S,M,S,S,S,-,M,S,S,S,M,S,M,S,M,S,M,-,-,S,M,S,-,M,M,M,-,M,M,S,-,S,M,S,S,M,-,M,M,M,S,S,S,S,-,-,S,M,M,S,S,S,S,S,S,S,S,-,S,M,M,-,S,S,S,M,M,S,M,S,M,-,-,-,-,-,-,-,-,-
E32M50.325,N17,41.9,M,-,-,S,M,S,M,-,M,S,-,S,-,M,-,-,M,M,M,M,M,S,S,M,S,M,S,M,S,-,M,S,S,S,M,S,M,S,M,S,M,-,-,S,M,S,-,M,M,M,M,M,M,S,M,S,M,S,S,M,-,M,M,M,S,S,S,S,-,-,S,M,S,S,M,S,S,S,S,S,S,-,S,M,M,-,S,S,S,M,M,S,M,S,M,-,-,-,-,-,-,-,-,-
*wg6c1,N17,50,M,-,S,S,M,S,M,S,M,S,S,S,S,M,S,M,M,M,M,M,M,S,S,M,S,M,M,M,S,S,M,S,S,S,M,S,M,S,M,S,S,S,M,S,M,M,M,M,M,M,M,M,M,S,M,S,M,S,S,M,M,M,M,M,S,S,S,S,S,M,S,M,S,M,M,M,S,S,-,S,S,S,M,M,M,S,S,S,S,M,M,S,M,S,M,S,S,M,M,S,S,M,S,M
*ec3b2a,N17,51.2,M,M,S,S,M,S,M,S,M,S,S,S,S,M,S,-,M,M,M,M,-,S,S,M,S,M,M,M,S,S,M,S,S,S,M,S,M,S,M,S,S,S,M,S,M,M,-,M,M,M,-,M,M,S,M,S,M,S,S,M,-,M,M,M,S,S,S,S,-,-,S,M,S,M,M,M,S,S,S,S,S,-,S,M,M,S,S,S,S,M,M,S,M,S,M,S,S,M,M,S,S,M,S,M
E35M47.170,N17,54,M,-,S,S,M,S,M,S,M,S,S,S,-,M,S,-,M,M,M,M,M,S,S,M,S,M,M,M,S,-,M,S,S,S,S,S,M,S,M,S,S,-,-,S,M,M,-,M,M,M,M,M,M,S,M,S,M,S,S,M,-,M,M,M,S,S,M,S,-,-,S,M,-,M,M,M,S,S,-,S,S,-,S,M,M,-,-,S,S,M,M,-,M,S,M,-,-,-,-,-,-,-,-,-
*wg2d5a,N17,67.4,-,-,-,-,-,-,-,-,-,-,-,S,-,M,-,M,M,M,M,S,M,S,S,S,S,M,M,M,S,S,-,S,-,S,-,S,-,-,M,S,-,S,S,S,M,-,-,S,M,S,S,M,M,S,M,S,M,S,S,M,M,M,M,M,S,S,S,S,S,S,S,M,S,M,M,M,S,-,-,S,S,M,-,M,M,S,S,S,S,-,M,S,M,S,S,S,-,S,M,-,S,M,S,M
E33M60.120,N17,73.2,M,-,S,-,M,S,M,S,M,S,M,S,-,M,S,-,M,M,M,S,M,S,S,S,S,S,M,M,S,-,M,S,S,S,S,S,M,S,M,S,S,-,-,S,M,M,-,S,M,S,-,S,M,S,-,S,S,S,S,M,-,M,M,M,S,M,-,S,-,-,S,M,S,M,M,M,S,S,S,S,S,-,M,M,M,-,S,S,S,M,M,S,M,S,S,-,-,-,-,-,-,-,-,-
E33M47.115,N17,80.7,S,-,S,S,-,S,M,-,M,S,M,S,-,M,S,-,M,M,M,S,M,S,S,S,S,S,M,S,S,-,M,S,S,S,S,S,M,S,M,S,S,-,-,M,-,M,-,S,M,S,S,S,S,S,M,S,S,S,S,M,-,M,M,M,S,M,S,S,-,-,S,M,S,M,M,M,S,S,S,M,S,-,M,M,M,-,S,S,M,M,M,S,M,S,S,-,-,-,-,-,-,-,-,-
*wg1g10c,N17,95.3,S,M,S,S,M,S,M,S,M,S,M,M,S,M,S,M,S,M,M,S,M,M,S,S,S,S,M,S,S,S,M,S,S,S,S,S,M,S,M,S,S,S,-,M,M,M,S,S,S,S,S,S,S,S,M,S,S,S,S,M,-,M,M,M,S,S,M,S,S,S,S,M,S,M,S,M,M,S,S,M,M,-,M,M,S,S,S,S,M,S,M,S,M,S,S,S,S,S,M,S,M,M,M,M
E33M62.130,N18,0,S,-,S,S,M,S,M,M,S,M,S,S,-,S,S,-,M,S,M,M,S,S,M,M,S,S,M,S,S,-,S,S,M,M,S,M,M,M,M,M,M,-,-,S,M,S,-,S,M,S,M,M,M,M,M,S,S,S,M,M,-,-,S,S,S,M,M,S,-,-,S,M,M,M,M,M,S,M,S,M,M,-,M,M,M,-,M,S,M,S,S,M,M,M,M,-,-,-,-,-,-,-,-,-
E32M47.344,N18,2.5,S,-,S,S,M,S,M,-,S,M,S,S,-,S,S,-,M,S,M,M,S,S,S,M,S,S,M,S,S,-,S,S,M,M,S,M,M,M,M,M,M,-,-,S,M,S,-,S,M,S,M,M,M,M,M,S,S,S,M,M,-,-,S,S,S,S,M,S,-,-,S,M,M,M,-,M,S,M,S,M,M,-,M,M,M,-,M,S,M,S,S,M,M,M,M,-,-,-,-,-,-,-,-,-
E32M50.255,N18,16.5,M,-,S,S,M,S,M,M,M,M,S,S,-,S,S,-,M,S,M,M,S,M,S,M,S,S,M,S,S,-,S,S,M,M,S,S,M,S,M,M,M,-,-,S,S,S,-,M,M,S,M,S,-,M,M,M,S,S,M,M,-,M,S,S,S,S,M,S,-,-,S,M,M,M,M,M,S,M,S,M,M,-,M,S,M,-,M,S,M,S,S,M,M,M,M,-,-,-,-,-,-,-,-,-
*wg3g9,N18,38.6,M,S,S,S,M,S,M,M,-,S,S,S,M,S,M,M,M,-,-,M,S,M,M,M,M,S,M,M,S,M,S,S,M,M,S,S,M,S,M,-,-,M,M,S,S,S,S,M,M,S,M,S,M,-,M,M,S,M,M,M,-,M,M,S,M,S,S,M,M,M,S,M,M,M,M,M,S,M,M,M,M,M,-,S,M,M,M,S,M,M,S,M,M,M,S,M,M,-,S,S,M,-,M,M
E32M50.424,N18,41.7,M,-,S,S,M,S,M,-,M,S,S,S,-,S,M,-,M,S,M,M,S,M,M,M,M,S,M,M,S,-,S,S,M,M,S,S,M,S,M,S,M,-,-,S,S,S,-,M,M,S,M,S,S,S,M,M,S,M,M,M,-,M,M,S,M,S,S,M,-,-,S,M,M,M,M,M,S,M,M,M,M,-,M,S,M,-,M,S,M,M,M,M,M,M,S,-,-,-,-,-,-,-,-,-
*pr2,N18,55.5,M,S,S,S,M,S,M,S,-,S,M,S,-,S,M,M,-,-,-,-,S,M,-,-,M,S,-,M,S,M,-,-,M,S,S,S,M,S,M,-,-,M,M,S,S,-,S,-,-,-,M,S,-,S,M,M,M,-,M,M,M,M,M,S,M,S,S,M,M,M,S,-,M,M,M,S,S,M,M,-,M,-,-,-,M,M,M,-,M,M,M,S,M,M,S,M,S,-,S,-,-,M,-,M
*tg5b2,N18,74.7,S,S,S,S,M,M,M,S,M,S,M,S,S,S,M,M,M,S,S,S,S,M,-,S,M,S,M,M,S,M,S,S,M,S,S,S,M,S,M,S,S,M,M,S,S,S,S,M,S,-,M,S,M,S,M,M,M,M,M,M,M,M,M,M,M,S,S,M,S,M,M,M,M,M,M,S,M,M,M,S,M,S,-,-,M,M,S,M,M,M,M,S,M,S,S,S,S,S,S,S,S,M,M,M
E33M59.165,N18,93.2,S,-,S,S,M,M,M,S,M,S,M,S,-,S,M,-,M,S,M,S,S,S,M,S,S,S,M,M,S,-,S,M,S,S,S,S,M,S,M,S,S,-,-,S,S,S,-,M,S,M,M,M,M,S,M,M,M,S,M,M,-,M,M,M,M,M,M,M,-,-,M,M,S,M,M,M,M,M,M,S,M,-,S,S,M,-,S,M,M,M,M,S,S,S,S,-,-,-,-,-,-,-,-,-
E35M60.125,N18,97.6,S,-,S,S,M,M,M,S,M,S,M,S,-,S,M,-,M,S,M,S,S,M,M,S,S,S,M,M,S,-,S,M,S,S,S,S,M,S,M,S,S,-,-,S,S,S,-,M,S,M,M,M,M,-,-,M,M,S,M,M,-,M,M,M,M,M,-,M,-,-,M,M,S,M,M,M,M,M,M,S,M,-,S,M,S,-,S,M,M,M,M,S,S,S,S,-,-,-,-,-,-,-,-,-
E33M62.196,N18,102,S,-,S,S,M,M,M,S,M,S,M,S,-,S,M,-,M,S,S,S,S,M,M,S,S,S,M,M,S,-,S,M,S,S,S,S,M,S,M,S,S,-,-,S,S,S,-,M,S,M,M,M,M,M,M,M,M,S,M,M,-,M,M,M,M,M,M,M,-,-,M,M,S,M,S,M,M,M,M,S,S,-,S,M,S,-,S,M,M,M,M,S,S,S,S,-,-,-,-,-,-,-,-,-
*ec2h2c,N19,0,S,M,-,M,M,S,S,S,S,M,-,S,S,S,M,-,M,S,S,M,-,M,S,M,M,S,S,S,S,M,S,M,M,M,S,S,M,M,S,S,S,M,-,M,-,S,-,M,M,M,-,S,S,M,S,M,S,M,S,M,-,M,S,M,S,S,S,M,-,-,M,S,M,S,M,M,M,M,M,S,S,-,S,M,S,M,S,S,-,S,S,M,S,S,S,M,M,M,M,S,M,M,S,M
*wg3f7b,N19,4.6,S,M,S,M,M,S,S,S,S,M,S,-,S,S,M,S,M,S,S,M,-,M,S,M,M,S,S,S,M,M,S,M,M,M,S,S,M,M,S,S,S,M,S,M,S,S,S,M,M,M,-,S,S,M,S,M,S,-,S,-,-,M,S,M,S,S,S,M,-,-,M,S,M,S,S,M,M,M,M,S,S,-,S,M,S,-,S,S,M,S,S,S,S,S,M,M,M,M,M,S,M,M,S,M
*ec3f1,N19,11.8,S,S,S,M,M,S,S,S,S,M,S,S,S,S,M,-,M,S,S,M,S,M,S,M,M,M,S,S,M,M,S,M,M,M,S,M,M,M,S,M,M,-,-,M,S,M,-,-,M,M,S,S,S,M,S,M,-,M,S,M,-,M,S,M,S,S,S,M,-,-,M,S,M,S,S,M,M,M,M,S,-,-,S,M,S,M,S,S,M,-,-,S,S,S,M,M,M,M,M,S,M,M,S,M
E35M60.107,N19,40,S,-,S,S,M,S,S,S,S,M,S,S,-,S,M,-,M,M,M,M,S,M,S,M,S,M,S,S,M,-,S,M,M,S,S,M,S,M,S,M,M,-,-,S,M,M,-,M,M,M,S,S,S,M,-,M,M,S,S,M,-,S,S,S,S,S,M,S,-,-,M,S,M,M,S,M,M,M,M,S,S,-,M,M,S,-,S,S,-,S,S,S,S,S,S,-,-,-,-,-,-,-,-,-
*wg1g2,N19,49.8,S,S,S,S,M,S,S,S,S,S,S,S,S,S,M,M,M,M,M,M,S,M,S,M,M,S,S,S,M,M,S,M,M,S,S,M,S,M,S,M,M,M,S,S,M,M,S,M,M,M,S,S,S,M,M,M,M,S,M,M,S,S,S,S,M,S,M,S,M,S,M,S,M,M,S,M,M,M,M,S,M,M,M,M,S,S,S,S,M,S,S,S,S,M,S,M,M,M,M,M,M,S,S,S
E33M48.346,N19,66.2,S,-,S,S,M,S,S,M,M,S,M,M,-,M,M,-,M,M,M,M,S,M,S,M,M,S,S,S,M,-,S,M,S,S,S,M,S,M,S,M,M,-,-,M,M,M,-,M,M,S,M,S,S,M,M,M,M,S,M,M,-,S,S,S,M,S,M,S,-,-,M,S,M,M,S,S,M,M,M,S,S,-,M,M,S,-,S,S,M,S,S,S,M,M,S,-,-,-,-,-,-,-,-,-
E33M50.371,N19,69.9,S,-,S,S,M,S,S,M,M,S,M,M,-,M,M,-,S,M,S,M,S,M,S,M,M,S,S,S,M,-,S,S,S,S,S,M,S,M,S,M,M,-,-,M,M,M,-,M,M,S,M,S,S,M,M,M,M,S,M,M,-,S,S,S,M,S,M,S,-,-,M,S,M,M,S,S,M,M,M,S,S,-,M,M,S,-,S,S,-,S,S,S,M,M,S,-,-,-,-,-,-,-,-,-
E33M47.138,N19,81.1,S,-,S,S,M,S,S,M,M,S,M,M,-,M,M,-,S,M,S,M,S,M,S,M,M,S,S,S,S,-,S,S,S,S,S,M,M,M,M,M,M,-,-,M,-,M,-,M,M,S,M,S,S,M,M,M,M,S,M,S,-,S,S,-,M,S,S,S,-,-,M,S,M,M,M,S,M,M,M,S,S,-,M,S,S,-,S,M,M,S,-,S,M,M,S,-,-,-,-,-,-,-,-,-
*tg4d2b,N19,110.6,S,-,M,S,S,S,S,-,M,-,-,S,S,S,M,-,S,M,S,M,-,M,S,M,M,S,S,S,S,M,M,S,S,S,S,-,-,-,M,S,S,M,S,M,S,-,-,M,M,M,M,S,S,M,M,M,M,S,M,-,S,M,M,M,M,S,S,S,-,-,M,S,S,-,M,M,M,-,-,S,S,S,M,S,M,S,S,M,M,-,-,S,M,M,-,-,-,-,M,-,M,S,S,M
E32M62.394,N19,112.7,S,-,M,S,S,S,S,M,M,S,S,S,-,S,M,-,S,M,S,M,S,M,S,M,M,S,S,S,S,-,M,S,S,S,S,M,S,M,M,S,S,-,-,M,S,M,-,M,M,M,-,S,S,M,M,M,M,S,M,S,-,M,M,M,M,S,S,S,-,-,M,-,S,S,M,M,M,S,M,S,S,-,S,S,M,-,S,M,-,M,S,S,M,M,S,-,-,-,-,-,-,-,-,-
E33M47.189,N19,114.2,M,-,M,S,S,S,S,M,M,S,S,S,-,S,M,-,S,M,S,M,S,M,S,M,M,S,S,S,S,-,M,S,S,S,S,M,S,M,M,S,S,-,-,M,-,M,-,M,M,M,M,S,S,M,M,M,M,S,M,S,-,M,M,M,M,S,S,S,-,-,M,S,S,S,M,M,M,S,M,S,S,-,S,S,M,-,S,M,M,M,S,S,M,M,S,-,-,-,-,-,-,-,-,-
E32M49.409,N19,120.5,M,-,M,S,S,S,S,M,M,S,S,S,-,S,M,-,S,M,S,M,S,M,S,M,M,S,S,S,S,-,M,S,S,S,S,M,S,M,M,-,S,-,-,M,S,M,-,M,M,M,S,S,S,M,M,M,M,S,M,S,-,M,M,M,M,M,S,S,-,-,M,S,S,S,M,M,M,S,M,S,S,-,S,S,M,-,S,M,S,S,S,S,M,M,S,-,-,-,-,-,-,-,-,-
*wg7b6b,N19,123.9,M,S,M,S,S,S,S,M,-,S,S,S,M,S,M,M,S,-,S,M,S,M,M,M,M,S,S,S,S,M,M,S,S,S,S,M,S,M,M,-,-,M,S,M,S,M,S,M,M,M,S,S,S,-,M,M,M,S,M,S,M,M,M,M,M,M,S,S,-,-,M,S,S,S,M,M,M,S,M,S,S,S,-,S,-,S,S,S,S,S,S,S,M,-,S,S,S,-,-,S,S,S,S,M